-- phpMyAdmin SQL Dump
-- version 4.1.14
-- http://www.phpmyadmin.net
--
-- Servidor: 127.0.0.1
-- Tiempo de generación: 07-05-2015 a las 05:43:11
-- Versión del servidor: 5.6.17
-- Versión de PHP: 5.5.12

SET SQL_MODE = "NO_AUTO_VALUE_ON_ZERO";
SET time_zone = "+00:00";


/*!40101 SET @OLD_CHARACTER_SET_CLIENT=@@CHARACTER_SET_CLIENT */;
/*!40101 SET @OLD_CHARACTER_SET_RESULTS=@@CHARACTER_SET_RESULTS */;
/*!40101 SET @OLD_COLLATION_CONNECTION=@@COLLATION_CONNECTION */;
/*!40101 SET NAMES utf8 */;

--
-- Base de datos: `alice`
--

-- --------------------------------------------------------

--
-- Estructura de tabla para la tabla `achievements`
--

CREATE TABLE IF NOT EXISTS `achievements` (
  `id` int(10) unsigned NOT NULL AUTO_INCREMENT,
  `name` varchar(255) COLLATE utf8_unicode_ci NOT NULL,
  `title` varchar(255) COLLATE utf8_unicode_ci NOT NULL,
  `description` text COLLATE utf8_unicode_ci NOT NULL,
  `picture` varchar(255) COLLATE utf8_unicode_ci NOT NULL,
  `status` varchar(255) COLLATE utf8_unicode_ci NOT NULL,
  `created_at` timestamp NOT NULL DEFAULT '0000-00-00 00:00:00',
  `updated_at` timestamp NOT NULL DEFAULT '0000-00-00 00:00:00',
  `deleted_at` timestamp NULL DEFAULT NULL,
  PRIMARY KEY (`id`)
) ENGINE=InnoDB DEFAULT CHARSET=utf8 COLLATE=utf8_unicode_ci AUTO_INCREMENT=1 ;

-- --------------------------------------------------------

--
-- Estructura de tabla para la tabla `attachments`
--

CREATE TABLE IF NOT EXISTS `attachments` (
  `id` int(10) unsigned NOT NULL AUTO_INCREMENT,
  `attachmentable_id` int(11) NOT NULL,
  `attachmentable_type` varchar(255) COLLATE utf8_unicode_ci NOT NULL,
  `name` varchar(255) COLLATE utf8_unicode_ci NOT NULL,
  `route` varchar(255) COLLATE utf8_unicode_ci NOT NULL,
  `mime` varchar(255) COLLATE utf8_unicode_ci NOT NULL,
  `size` int(11) NOT NULL,
  `status` enum('uploaded','deleted','notuploaded','draft') COLLATE utf8_unicode_ci NOT NULL DEFAULT 'draft',
  `created_at` timestamp NOT NULL DEFAULT '0000-00-00 00:00:00',
  `updated_at` timestamp NOT NULL DEFAULT '0000-00-00 00:00:00',
  `deleted_at` timestamp NULL DEFAULT NULL,
  PRIMARY KEY (`id`)
) ENGINE=InnoDB  DEFAULT CHARSET=utf8 COLLATE=utf8_unicode_ci AUTO_INCREMENT=58 ;

--
-- Volcado de datos para la tabla `attachments`
--

INSERT INTO `attachments` (`id`, `attachmentable_id`, `attachmentable_type`, `name`, `route`, `mime`, `size`, `status`, `created_at`, `updated_at`, `deleted_at`) VALUES
(4, 7, 'Message', 'Camera Shutter Sound Effect.mp3', '/uploads/messages/files/11A6F10B-8535-4C24-07FB-D73CFDB81EF4.mp3', 'audio/mpeg', 0, 'draft', '2015-04-25 22:25:56', '2015-04-25 22:25:56', NULL),
(5, 7, 'Message', 'Censor Beep Sound Effect.mp3', '/uploads/messages/files/4BBF7212-7FD5-B56E-919A-1123D8D5F272.mp3', 'audio/mpeg', 0, 'draft', '2015-04-25 22:25:56', '2015-04-25 22:25:56', NULL),
(6, 7, 'Message', 'arsenal.sql', '/uploads/messages/files/A7A99A38-F3FE-81ED-6AE7-2406454626A5.sql', 'text/plain', 0, 'draft', '2015-04-25 22:29:15', '2015-04-25 22:29:15', NULL),
(7, 7, 'Message', 'adelaida.sql', '/uploads/messages/files/C60AEF77-F9F7-2276-AC02-B16283481B99.sql', 'text/plain', 0, 'draft', '2015-04-25 22:30:35', '2015-04-25 22:30:35', NULL),
(8, 7, 'Message', 'bootstrap-fileinput-master.zip', '/uploads/messages/files/BBC320FB-8511-8978-4AD1-A8B92B80ABF7.zip', 'application/zip', 0, 'draft', '2015-04-25 22:31:29', '2015-04-25 22:31:29', NULL),
(9, 8, 'Message', 'Censor Beep Sound Effect.mp3', '/uploads/messages/files/AB792C67-88F0-E113-61C5-2D137222E3D0.mp3', 'audio/mpeg', 0, 'draft', '2015-04-25 22:38:31', '2015-04-25 22:38:31', NULL),
(10, 8, 'Message', 'alice.sql', '/uploads/messages/files/B9396191-8A15-333A-8483-DFFFDEC6C50C.sql', 'text/plain', 0, 'draft', '2015-04-25 22:38:31', '2015-04-25 22:38:31', NULL),
(11, 8, 'Message', 'bootstrap-3.3.4-dist.zip', '/uploads/messages/files/9AC7C568-073C-52CB-E015-DC30A4D67900.zip', 'application/zip', 0, 'draft', '2015-04-25 22:38:32', '2015-04-25 22:38:32', NULL),
(12, 8, 'Message', 'Módulos de la Plataforma.docx', '/uploads/messages/files/A1EAA0B6-10C7-F7D3-9358-BA3D108F2441.docx', 'application/vnd.openxmlformats-officedocument.wordprocessingml.document', 0, 'draft', '2015-04-25 22:38:33', '2015-04-25 22:38:33', NULL),
(13, 9, 'Message', '59ZRklaO5bWGqF5A9baEEVtXRa8TVwTICgirnJhmVJw.woff2', '/uploads/messages/files/2E66FF04-660C-3342-1783-02F345A36909.woff2', 'application/octet-stream', 0, 'draft', '2015-04-25 22:39:53', '2015-04-25 22:39:53', NULL),
(14, 9, 'Message', 'adelaida.sql', '/uploads/messages/files/1C159FEB-B1EA-604B-5F35-7F8C3BD20174.sql', 'text/plain', 0, 'draft', '2015-04-25 22:39:54', '2015-04-25 22:39:54', NULL),
(15, 9, 'Message', 'bootstrap-3.3.4-dist.zip', '/uploads/messages/files/37B7077A-AEF2-B012-31A7-353DD1D8D307.zip', 'application/zip', 0, 'draft', '2015-04-25 22:39:54', '2015-04-25 22:39:54', NULL),
(16, 10, 'Message', 'alice.sql', '/uploads/messages/files/502F7742-8ED6-1415-5F02-47291F532EFF.sql', 'text/plain', 0, 'draft', '2015-04-25 22:47:33', '2015-04-25 22:47:33', NULL),
(17, 10, 'Message', 'adelaida (1).sql', '/uploads/messages/files/3BB4850D-52A5-60FA-DE9F-469FCDA24F07.sql', 'text/plain', 0, 'draft', '2015-04-25 22:47:33', '2015-04-25 22:47:33', NULL),
(18, 10, 'Message', 'arsenal.sql', '/uploads/messages/files/7955C8A2-BF10-F8C4-5A46-3736B97BA7AE.sql', 'text/plain', 0, 'draft', '2015-04-25 22:47:34', '2015-04-25 22:47:34', NULL),
(19, 11, 'Message', 'bootstrap-3.3.4-dist.zip', '/uploads/messages/files/FD12A40A-72F7-400B-44D4-48E46C19E8FB.zip', 'application/zip', 0, 'draft', '2015-04-25 22:54:59', '2015-04-25 22:54:59', NULL),
(20, 11, 'Message', 'bootstrap-fileinput-master.zip', '/uploads/messages/files/6A097636-EFF1-A631-5A48-B96B77FAC972.zip', 'application/zip', 0, 'draft', '2015-04-25 22:54:59', '2015-04-25 22:54:59', NULL),
(21, 16, 'Message', '50giftsforwebenthusiasts34.jpg', '/uploads/messages/files/863A3339-7A1B-4084-94AC-23DDE9FEB225.jpg', 'image/jpeg', 125084, 'uploaded', '2015-04-26 22:27:09', '2015-04-26 22:40:06', NULL),
(22, 17, 'Message', '50giftsforwebenthusiasts34.jpg', '/uploads/messages/files/CC495781-64E8-99FD-5347-38C709846350.jpg', 'image/jpeg', 125084, 'uploaded', '2015-04-26 22:47:45', '2015-04-26 22:48:34', NULL),
(23, 17, 'Message', 'Icons-File-type-flat-Freebie.jpg', '/uploads/messages/files/E165B3C7-B8F1-E870-3732-F98CB74592BE.jpg', 'image/jpeg', 242242, 'uploaded', '2015-04-26 22:47:46', '2015-04-26 22:48:34', NULL),
(24, 17, 'Message', '30-free-flat-style-icons-september-2014-file-types-icons.jpg', '/uploads/messages/files/D0579B58-8A7D-6245-924C-760E726937BD.jpg', 'image/jpeg', 60840, 'uploaded', '2015-04-26 22:47:46', '2015-04-26 22:48:34', NULL),
(25, 17, 'Message', 'images.jpg', '/uploads/messages/files/BF53EAAE-A95C-EB11-D131-4AE77E49DE6A.jpg', 'image/jpeg', 3415, 'uploaded', '2015-04-26 22:47:47', '2015-04-26 22:48:35', NULL),
(26, 18, 'Message', 'Camera Shutter Sound Effect.mp3', '/uploads/messages/files/C5C1F86A-E8A8-D14A-1EA1-C81B110122C2.mp3', 'audio/mpeg', 14368, 'draft', '2015-04-26 23:00:53', '2015-04-26 23:00:53', NULL),
(27, 18, 'Message', 'jquery-1.11.2.min.js', '/uploads/messages/files/A584CC0F-7E4C-9ABA-2F08-2F2BB8BDE965.js', 'text/plain', 95931, 'draft', '2015-04-26 23:00:53', '2015-04-26 23:00:53', NULL),
(28, 18, 'Message', 'Módulos de la Plataforma.docx', '/uploads/messages/files/038F4A28-4CE7-51F3-AC77-84DBDA7F46EF.docx', 'application/vnd.openxmlformats-officedocument.wordprocessingml.document', 16988, 'draft', '2015-04-26 23:00:54', '2015-04-26 23:00:54', NULL),
(29, 18, 'Message', 'planilla-rusnies-alexis-montenegro-2008-2014 (1).pdf', '/uploads/messages/files/27956DB7-723E-8DDF-AF9C-63B7F998BB40.pdf', 'application/pdf', 19179, 'draft', '2015-04-26 23:00:55', '2015-04-26 23:00:55', NULL),
(30, 20, 'Message', 'bootstrap-3.3.4-dist.zip', '/uploads/messages/files/C03D9E84-BDEA-1858-021A-4EE794BCFF11.zip', 'application/zip', 261026, 'draft', '2015-04-26 23:59:17', '2015-04-26 23:59:17', NULL),
(31, 21, 'Message', 'adelaida.sql', '/uploads/messages/files/353E0D3A-D6D1-27E4-B343-836E13734B7F.sql', 'text/plain', 39990, 'draft', '2015-04-27 00:00:48', '2015-04-27 00:00:48', NULL),
(32, 21, 'Message', 'alice.sql', '/uploads/messages/files/A2967991-AE60-57AD-A79F-A676704BB712.sql', 'text/plain', 24100, 'draft', '2015-04-27 00:00:48', '2015-04-27 00:00:48', NULL),
(33, 21, 'Message', 'arsenal.sql', '/uploads/messages/files/4727C759-0284-253A-E3A1-1159C67302D1.sql', 'text/plain', 1260, 'draft', '2015-04-27 00:00:49', '2015-04-27 00:00:49', NULL),
(34, 22, 'Message', 'adelaida.sql', '/uploads/messages/files/F94D5734-AA06-613D-4FB2-BD0B224E4D4F.sql', 'text/plain', 39990, 'draft', '2015-04-27 00:03:44', '2015-04-27 00:03:44', NULL),
(35, 23, 'Message', 'facebook-php-sdk-v4-4.0-dev.zip', '/uploads/messages/files/B7E6F94A-A822-E22E-AEBA-B0DF0BFC667F.zip', 'application/zip', 93579, 'uploaded', '2015-04-27 00:13:50', '2015-04-27 00:14:04', NULL),
(36, 23, 'Message', 'issuu_download.html', '/uploads/messages/files/241A4245-371A-F9D8-00FC-D7E4F89BA8CF.html', 'text/html', 3051, 'uploaded', '2015-04-27 00:13:51', '2015-04-27 00:14:04', NULL),
(37, 23, 'Message', 'Censor Beep Sound Effect.mp3', '/uploads/messages/files/65998CFE-EEF0-D751-F362-5E4D5E40E5AA.mp3', 'audio/mpeg', 7681, 'uploaded', '2015-04-27 00:13:51', '2015-04-27 00:14:04', NULL),
(38, 23, 'Message', 'jquery-1.11.2.min.js', '/uploads/messages/files/FC50C7C1-0125-9140-0D4C-8E575A74F6C9.js', 'text/plain', 95931, 'uploaded', '2015-04-27 00:13:54', '2015-04-27 00:14:04', NULL),
(39, 23, 'Message', 'Módulos de la Plataforma.docx', '/uploads/messages/files/6AE2029D-F643-BCDA-23E7-50573F787F62.docx', 'application/vnd.openxmlformats-officedocument.wordprocessingml.document', 16988, 'uploaded', '2015-04-27 00:13:54', '2015-04-27 00:14:04', NULL),
(40, 23, 'Message', 'planilla-rusnies-alexis-montenegro-2008-2014.pdf', '/uploads/messages/files/246AEA9A-026C-AF0E-8329-E702CF305E41.pdf', 'application/pdf', 19179, 'uploaded', '2015-04-27 00:13:54', '2015-04-27 00:14:04', NULL),
(41, 24, 'Message', 'Camera Shutter Sound Effect.mp3', '/uploads/messages/files/B89F4BD9-99CE-442A-9826-9DDB2A384404.mp3', 'audio/mpeg', 14368, 'draft', '2015-04-27 03:31:07', '2015-04-27 03:31:07', NULL),
(42, 25, 'Message', 'Camera Shutter Sound Effect.mp3', '/uploads/messages/files/913FCB3E-2C49-868B-6E0B-0B6205E6C4AC.mp3', 'audio/mpeg', 14368, 'uploaded', '2015-04-27 19:54:08', '2015-04-27 19:54:31', NULL),
(43, 25, 'Message', '59ZRklaO5bWGqF5A9baEEVtXRa8TVwTICgirnJhmVJw.woff2', '/uploads/messages/files/F3750B11-E954-EAEE-6F2A-37A184E4A160.woff2', 'application/octet-stream', 18652, 'uploaded', '2015-04-27 19:54:09', '2015-04-27 19:54:32', NULL),
(44, 25, 'Message', 'issuu_download.html', '/uploads/messages/files/ABA440EF-5F1B-99EA-31D1-9A04001F8BF1.html', 'text/html', 3051, 'uploaded', '2015-04-27 19:54:09', '2015-04-27 19:54:32', NULL),
(45, 25, 'Message', 'adelaida.sql', '/uploads/messages/files/19C022CF-33FB-1959-4C1A-E77CE2C625B8.sql', 'text/plain', 39990, 'uploaded', '2015-04-27 19:54:09', '2015-04-27 19:54:32', NULL),
(46, 25, 'Message', 'jquery-1.11.2.min.js', '/uploads/messages/files/76877057-9404-5ACD-E1C0-7B20A6399AF1.js', 'text/plain', 95931, 'uploaded', '2015-04-27 19:54:09', '2015-04-27 19:54:32', NULL),
(47, 25, 'Message', 'Módulos de la Plataforma.docx', '/uploads/messages/files/CCD61C69-3509-CA2B-7CD8-0E6E43222747.docx', 'application/vnd.openxmlformats-officedocument.wordprocessingml.document', 16988, 'uploaded', '2015-04-27 19:54:10', '2015-04-27 19:54:32', NULL),
(48, 25, 'Message', 'planilla-rusnies-alexis-montenegro-2008-2014.pdf', '/uploads/messages/files/EC9C80E8-A46A-3C56-FD04-FF051BB8EC26.pdf', 'application/pdf', 19179, 'uploaded', '2015-04-27 19:54:13', '2015-04-27 19:54:32', NULL),
(49, 55, 'Message', 'amCharts.pdf', '/uploads/messages/files/DD39256A-0552-9F8B-3ABB-D5C6134E3865.pdf', 'application/pdf', 76512, 'draft', '2015-05-02 21:44:29', '2015-05-02 22:01:59', '2015-05-02 22:01:59'),
(50, 55, 'Message', 'amCharts.pdf', '/uploads/messages/files/B579DFFA-C642-7365-6732-7136F1485AD9.pdf', 'application/pdf', 76512, 'draft', '2015-05-02 21:49:08', '2015-05-02 22:02:24', '2015-05-02 22:02:24'),
(51, 55, 'Message', 'arsenal.sql', '/uploads/messages/files/7243B4E6-8278-69DE-3A4E-D341AB76CA02.sql', 'text/plain', 1260, 'uploaded', '2015-05-02 21:49:25', '2015-05-02 22:09:13', NULL),
(52, 58, 'Message', 'amCharts.pdf', '/uploads/messages/files/90BF1BBB-6CED-7AD0-35DF-61D413F9CD0D.pdf', 'application/pdf', 76512, 'draft', '2015-05-02 22:27:21', '2015-05-02 22:27:21', NULL),
(53, 59, 'Message', 'amCharts.pdf', '/uploads/messages/files/8C9E264A-D741-E5F4-61FA-37946E32264A.pdf', 'application/pdf', 76512, 'draft', '2015-05-02 22:31:25', '2015-05-02 22:31:25', NULL),
(54, 60, 'Message', 'amCharts.pdf', '/uploads/messages/files/7122B222-A803-3247-7189-FF91AD40C071.pdf', 'application/pdf', 76512, 'draft', '2015-05-02 22:36:34', '2015-05-02 22:36:34', NULL),
(55, 60, 'Message', 'alice.sql', '/uploads/messages/files/B2A5626B-C7C3-84D2-D042-F85E08969CEB.sql', 'text/plain', 24100, 'draft', '2015-05-02 22:36:38', '2015-05-02 22:36:38', NULL),
(56, 61, 'Message', '59ZRklaO5bWGqF5A9baEEVtXRa8TVwTICgirnJhmVJw.woff2', '/uploads/messages/files/F4DC218D-14FD-A512-4B4E-F5C66F4810DE.woff2', 'application/octet-stream', 18652, 'draft', '2015-05-02 22:41:38', '2015-05-02 22:41:38', NULL),
(57, 62, 'Message', 'adelaida (1).sql', '/uploads/messages/files/E438B1BB-2310-15A2-C608-B858BAE45ECF.sql', 'text/plain', 172256, 'draft', '2015-05-02 22:42:52', '2015-05-02 22:42:52', NULL);

-- --------------------------------------------------------

--
-- Estructura de tabla para la tabla `auditories`
--

CREATE TABLE IF NOT EXISTS `auditories` (
  `id` int(10) unsigned NOT NULL AUTO_INCREMENT,
  `user_id` int(11) NOT NULL,
  `capability_id` int(11) NOT NULL,
  `course_id` int(11) NOT NULL,
  `name` varchar(255) COLLATE utf8_unicode_ci NOT NULL,
  `title` varchar(255) COLLATE utf8_unicode_ci NOT NULL,
  `description` text COLLATE utf8_unicode_ci NOT NULL,
  `type` varchar(255) COLLATE utf8_unicode_ci NOT NULL,
  `status` varchar(255) COLLATE utf8_unicode_ci NOT NULL,
  `created_at` timestamp NOT NULL DEFAULT '0000-00-00 00:00:00',
  `updated_at` timestamp NOT NULL DEFAULT '0000-00-00 00:00:00',
  `deleted_at` timestamp NULL DEFAULT NULL,
  PRIMARY KEY (`id`)
) ENGINE=InnoDB DEFAULT CHARSET=utf8 COLLATE=utf8_unicode_ci AUTO_INCREMENT=1 ;

-- --------------------------------------------------------

--
-- Estructura de tabla para la tabla `capabilities`
--

CREATE TABLE IF NOT EXISTS `capabilities` (
  `id` int(10) unsigned NOT NULL AUTO_INCREMENT,
  `name` varchar(255) COLLATE utf8_unicode_ci NOT NULL,
  `title` varchar(255) COLLATE utf8_unicode_ci NOT NULL,
  `description` text COLLATE utf8_unicode_ci NOT NULL,
  `controller` varchar(255) COLLATE utf8_unicode_ci NOT NULL,
  `crud` varchar(255) COLLATE utf8_unicode_ci NOT NULL,
  `status` varchar(255) COLLATE utf8_unicode_ci NOT NULL,
  `created_at` timestamp NOT NULL DEFAULT '0000-00-00 00:00:00',
  `updated_at` timestamp NOT NULL DEFAULT '0000-00-00 00:00:00',
  `deleted_at` timestamp NULL DEFAULT NULL,
  PRIMARY KEY (`id`)
) ENGINE=InnoDB  DEFAULT CHARSET=utf8 COLLATE=utf8_unicode_ci AUTO_INCREMENT=46 ;

--
-- Volcado de datos para la tabla `capabilities`
--

INSERT INTO `capabilities` (`id`, `name`, `title`, `description`, `controller`, `crud`, `status`, `created_at`, `updated_at`, `deleted_at`) VALUES
(1, 'administrators_dashboard_get_index', 'Visualizar Escritorio de Administrador', '', '\\Administrators\\DashboardController@getIndex', 'READ', '', '2015-03-25 07:53:01', '2015-04-02 07:21:29', NULL),
(2, 'security_user_get_index', 'Visualizar Usuarios', '', '\\Security\\UserController@getIndex', 'READ', '', '2015-03-25 07:53:01', '2015-03-25 07:53:01', NULL),
(3, 'security_user_get_create', 'Crear Usuarios', '', '\\Security\\UserController@getCreate', 'CREATE', '', '2015-03-25 07:53:01', '2015-03-25 07:53:01', NULL),
(4, 'security_user_get_update', 'Editar Usuarios', '', '\\Security\\UserController@getUpdate', 'UPDATE', '', '2015-03-25 07:53:01', '2015-03-25 07:53:01', NULL),
(5, 'security_user_get_delete', 'Eliminar Usuarios', '', '\\Security\\UserController@getDelete', 'DELETE', '', '2015-03-25 07:53:01', '2015-03-25 07:53:01', NULL),
(6, 'security_capability_get_index', 'Visualizar Capacidades', '', '\\Security\\CapabilityController@getIndex', 'READ', '', '2015-03-25 07:53:01', '2015-03-25 07:53:01', NULL),
(7, 'security_capability_get_create', 'Crear Capacidades', '', '\\Security\\CapabilityController@getCreate', 'CREATE', '', '2015-03-25 07:53:01', '2015-03-25 07:53:01', NULL),
(8, 'security_capability_get_update', 'Editar Capacidades', '', '\\Security\\CapabilityController@getUpdate', 'UPDATE', '', '2015-03-25 07:53:01', '2015-03-25 07:53:01', NULL),
(9, 'security_capability_get_delete', 'Eliminar Capacidades', '', '\\Security\\CapabilityController@getDelete', 'DELETE', '', '2015-03-25 07:53:01', '2015-03-25 07:53:01', NULL),
(10, 'security_role_get_index', 'Visualizar Roles', '', '\\Security\\RoleController@getIndex', 'READ', '', '2015-03-25 07:53:01', '2015-03-25 07:53:01', NULL),
(11, 'security_role_get_create', 'Crear Roles', '', '\\Security\\RoleController@getCreate', 'CREATE', '', '2015-03-25 07:53:01', '2015-03-25 07:53:01', NULL),
(12, 'security_role_get_update', 'Editar Roles', '', '\\Security\\RoleController@getUpdate', 'UPDATE', '', '2015-03-25 07:53:01', '2015-03-25 07:53:01', NULL),
(13, 'security_role_get_delete', 'Eliminar Roles', '', '\\Security\\RoleController@getDelete', 'DELETE', '', '2015-03-25 07:53:01', '2015-03-25 07:53:01', NULL),
(14, 'security_role_get_assign', 'Asignar Capacidades ', '', '\\Security\\RoleController@getAssign', 'UPDATE', '', '2015-03-25 07:53:01', '2015-03-25 07:53:01', NULL),
(15, 'security_user_get_activate', 'Activación de Usuarios', '', '\\Security\\UserController@getActivate', 'UPDATE', '', '2015-04-01 07:17:33', '2015-04-01 07:36:09', NULL),
(16, 'security_user_get_deactivate', 'Desactivar Usuarios', '', '\\Security\\UserController@getDeactivate', 'UPDATE', '', '2015-04-01 07:18:13', '2015-04-01 07:18:13', NULL),
(17, 'nqwioxnqion', 'Capacidad para eliminar', '', 'niwoniwond', 'READ', '', '2015-04-01 07:36:31', '2015-04-01 07:40:29', '2015-04-01 07:40:29'),
(18, 'security_role_get_activate', 'Activación de Roles', '', '\\Security\\RoleController@getActivate', 'UPDATE', '', '2015-04-02 05:16:16', '2015-04-02 05:16:16', NULL),
(19, 'security_role_get_deactivate', 'Desactivar Roles', '', '\\Security\\RoleController@getDeactivate', 'UPDATE', '', '2015-04-02 05:17:24', '2015-04-02 05:17:24', NULL),
(20, 'security_user_get_show', 'Visualización detallada de Usuarios', '', '\\Security\\UserController@getShow', 'READ', '', '2015-04-02 06:14:09', '2015-04-02 06:14:09', NULL),
(21, 'coordinators_read_get_index', 'Visualizar Escritorio de Coordinador', '', '\\Coordinators\\ReadController@getIndex', 'READ', '', '2015-04-02 07:22:39', '2015-04-03 08:19:23', NULL),
(22, 'coordinators_teachers_get_index', 'Visualizar Profesores', '', '\\Coordinators\\Teachers\\ReadController@getIndex', 'READ', '', '2015-04-02 07:25:08', '2015-04-02 07:25:08', NULL),
(23, 'coordinators_teachers_get_create', 'Crear Profesores', '', '\\Coordinators\\Teachers\\ReadController@getCreate', 'CREATE', '', '2015-04-02 07:27:13', '2015-04-02 07:27:13', NULL),
(24, 'coordinators_teachers_get_update', 'Editar Profesores', '', '\\Coordinators\\Teachers\\ReadController@getUpdate', 'UPDATE', '', '2015-04-02 07:27:49', '2015-04-02 07:27:49', NULL),
(25, 'coordinators_teachers_get_delete', 'Eliminar Profesores', '', '\\Coordinators\\Teachers\\ReadController@getDelete', 'DELETE', '', '2015-04-02 07:29:23', '2015-04-02 07:29:23', NULL),
(26, 'coordinators_teachers_get_show', 'Visualización detallada de Profesores', '', '\\Coordinators\\Teachers\\ReadController@getShow', 'READ', '', '2015-04-02 07:31:13', '2015-04-02 07:31:13', NULL),
(27, 'coordinators_students_get_index', 'Visualizar Estudiantes', '', '\\Coordinators\\Students\\ReadController@getIndex', 'READ', '', '2015-04-02 07:31:59', '2015-04-02 07:31:59', NULL),
(28, 'coordinators_students_get_create', 'Crear Estudiantes', '', '\\Coordinators\\Students\\ReadController@getCreate', 'CREATE', '', '2015-04-02 07:32:27', '2015-04-02 07:32:27', NULL),
(29, 'coordinators_students_get_update', 'Editar Estudiates', '', '\\Coordinators\\Students\\ReadController@getUpdate', 'UPDATE', '', '2015-04-02 07:34:02', '2015-04-02 07:34:02', NULL),
(30, 'coordinators_students_get_delete', 'Eliminar Estudiantes', '', '\\Coordinators\\Students\\ReadController@getDelete', 'DELETE', '', '2015-04-02 07:34:37', '2015-04-02 07:34:37', NULL),
(31, 'coordinators_students_get_show', 'Visualización detallada de Estudiantes', '', '\\Coordinators\\Students\\ReadController@getShow', 'READ', '', '2015-04-02 07:35:37', '2015-04-02 07:35:37', NULL),
(32, 'coordinators_teachers_get_activate', 'Activación de Profesores', '', '\\Coordinators\\Teachers\\ReadController@getActivate', 'UPDATE', '', '2015-04-02 07:36:57', '2015-04-02 07:36:57', NULL),
(33, 'coordinators_teachers_get_deactivate', 'Desactivar Profesores', '', '\\Coordinators\\Teachers\\ReadController@getDeactivate', 'UPDATE', '', '2015-04-02 08:00:30', '2015-04-02 08:00:30', NULL),
(34, 'coordinators_students_get_activate', 'Activación de Estudiantes', '', '\\Coordinators\\Students\\ReadController@getActivate', 'UPDATE', '', '2015-04-02 08:01:07', '2015-04-02 08:01:07', NULL),
(35, 'coordinators_students_get_deactivate', 'Desactivar Estudiantes', '', '\\Coordinators\\Students\\ReadController@getDectivate', 'UPDATE', '', '2015-04-02 08:01:40', '2015-04-02 08:01:40', NULL),
(36, 'coordinators_courses_get_index', 'Visualizar Cursos', '', '\\Coordinators\\Courses\\ReadController@getIndex', 'READ', '', '2015-04-12 01:28:44', '2015-04-12 01:28:44', NULL),
(37, 'coordinators_courses_get_create', 'Crear Cursos', '', '\\Coordinators\\Courses\\ReadController@getCreate', 'CREATE', '', '2015-04-12 01:29:18', '2015-04-12 01:29:18', NULL),
(38, 'coordinators_courses_get_update', 'Editar Cursos', '', '\\Coordinators\\Courses\\ReadController@getUpdate', 'UPDATE', '', '2015-04-12 01:30:45', '2015-04-12 01:30:45', NULL),
(39, 'coordinators_courses_get_delete', 'Eliminar Cursos', '', '\\Coordinators\\Courses\\ReadController@getDelete', 'DELETE', '', '2015-04-12 01:31:16', '2015-04-12 01:31:16', NULL),
(40, 'coordinators_courses_get_activate', 'Activación de Cursos', '', '\\Coordinators\\Courses\\ReadController@getActivate', 'UPDATE', '', '2015-04-12 01:32:02', '2015-04-12 01:32:02', NULL),
(41, 'coordinators_courses_get_deactivate', 'Desactivar Cursos', '', '\\Coordinators\\Courses\\ReadController@getDeactivate', 'UPDATE', '', '2015-04-12 01:32:40', '2015-04-12 01:32:40', NULL),
(42, 'coordinators_courses_get_inactive', 'Visualizar Cursos Inactivos', '', '\\Coordinators\\Courses\\ReadController@getInactive', 'READ', '', '2015-04-12 02:24:59', '2015-04-12 02:26:42', NULL),
(43, 'coordinators_teachers_get_inactive', 'Visualizar Profesores Inactivos', '', '\\Coordinators\\Teachers\\ReadController@getInactive', 'READ', '', '2015-04-12 02:26:13', '2015-04-12 02:26:13', NULL),
(44, 'coordinators_students_get_inactive', 'Visualizar Estudiantes Inactivos', '', '\\Coordinators\\Students\\ReadController@getInactive', 'READ', '', '2015-04-12 02:27:33', '2015-04-12 02:27:33', NULL),
(45, 'coordinators_courses_get_show', 'Visualización detallada de Cursos', '', '\\Coordinators\\Courses\\ReadController@getShow', 'READ', '', '2015-04-15 07:03:48', '2015-04-15 07:03:48', NULL);

-- --------------------------------------------------------

--
-- Estructura de tabla para la tabla `capability_role`
--

CREATE TABLE IF NOT EXISTS `capability_role` (
  `id` int(10) unsigned NOT NULL AUTO_INCREMENT,
  `capability_id` int(10) unsigned NOT NULL,
  `role_id` int(10) unsigned NOT NULL,
  `created_at` timestamp NOT NULL DEFAULT '0000-00-00 00:00:00',
  `updated_at` timestamp NOT NULL DEFAULT '0000-00-00 00:00:00',
  PRIMARY KEY (`id`),
  KEY `capability_role_capability_id_index` (`capability_id`),
  KEY `capability_role_role_id_index` (`role_id`)
) ENGINE=InnoDB  DEFAULT CHARSET=utf8 COLLATE=utf8_unicode_ci AUTO_INCREMENT=53 ;

--
-- Volcado de datos para la tabla `capability_role`
--

INSERT INTO `capability_role` (`id`, `capability_id`, `role_id`, `created_at`, `updated_at`) VALUES
(1, 1, 1, '2015-03-25 07:53:02', '2015-03-25 07:53:02'),
(2, 2, 1, '2015-03-25 07:53:02', '2015-03-25 07:53:02'),
(6, 6, 1, '2015-03-25 07:53:02', '2015-03-25 07:53:02'),
(7, 7, 1, '2015-03-25 07:53:02', '2015-03-25 07:53:02'),
(8, 8, 1, '2015-03-25 07:53:02', '2015-03-25 07:53:02'),
(9, 9, 1, '2015-03-25 07:53:02', '2015-03-25 07:53:02'),
(10, 10, 1, '2015-03-25 07:53:02', '2015-03-25 07:53:02'),
(11, 11, 1, '2015-03-25 07:53:02', '2015-03-25 07:53:02'),
(12, 12, 1, '2015-03-25 07:53:02', '2015-03-25 07:53:02'),
(13, 13, 1, '2015-03-25 07:53:02', '2015-03-25 07:53:02'),
(14, 14, 1, '2015-03-25 07:53:02', '2015-03-25 07:53:02'),
(16, 4, 1, '2015-03-25 07:53:02', '2015-03-25 07:53:02'),
(17, 5, 1, '2015-03-25 07:53:02', '2015-03-25 07:53:02'),
(18, 3, 1, '2015-03-25 07:53:03', '2015-03-25 07:53:03'),
(23, 15, 1, '0000-00-00 00:00:00', '0000-00-00 00:00:00'),
(24, 16, 1, '0000-00-00 00:00:00', '0000-00-00 00:00:00'),
(25, 18, 1, '0000-00-00 00:00:00', '0000-00-00 00:00:00'),
(26, 19, 1, '0000-00-00 00:00:00', '0000-00-00 00:00:00'),
(27, 20, 1, '0000-00-00 00:00:00', '0000-00-00 00:00:00'),
(28, 34, 2, '0000-00-00 00:00:00', '0000-00-00 00:00:00'),
(29, 32, 2, '0000-00-00 00:00:00', '0000-00-00 00:00:00'),
(30, 28, 2, '0000-00-00 00:00:00', '0000-00-00 00:00:00'),
(31, 23, 2, '0000-00-00 00:00:00', '0000-00-00 00:00:00'),
(32, 35, 2, '0000-00-00 00:00:00', '0000-00-00 00:00:00'),
(33, 33, 2, '0000-00-00 00:00:00', '0000-00-00 00:00:00'),
(34, 29, 2, '0000-00-00 00:00:00', '0000-00-00 00:00:00'),
(35, 24, 2, '0000-00-00 00:00:00', '0000-00-00 00:00:00'),
(36, 30, 2, '0000-00-00 00:00:00', '0000-00-00 00:00:00'),
(37, 25, 2, '0000-00-00 00:00:00', '0000-00-00 00:00:00'),
(38, 31, 2, '0000-00-00 00:00:00', '0000-00-00 00:00:00'),
(39, 26, 2, '0000-00-00 00:00:00', '0000-00-00 00:00:00'),
(40, 21, 2, '0000-00-00 00:00:00', '0000-00-00 00:00:00'),
(41, 27, 2, '0000-00-00 00:00:00', '0000-00-00 00:00:00'),
(42, 22, 2, '0000-00-00 00:00:00', '0000-00-00 00:00:00'),
(43, 40, 2, '0000-00-00 00:00:00', '0000-00-00 00:00:00'),
(44, 37, 2, '0000-00-00 00:00:00', '0000-00-00 00:00:00'),
(45, 41, 2, '0000-00-00 00:00:00', '0000-00-00 00:00:00'),
(46, 38, 2, '0000-00-00 00:00:00', '0000-00-00 00:00:00'),
(47, 39, 2, '0000-00-00 00:00:00', '0000-00-00 00:00:00'),
(48, 36, 2, '0000-00-00 00:00:00', '0000-00-00 00:00:00'),
(49, 42, 2, '0000-00-00 00:00:00', '0000-00-00 00:00:00'),
(50, 44, 2, '0000-00-00 00:00:00', '0000-00-00 00:00:00'),
(51, 43, 2, '0000-00-00 00:00:00', '0000-00-00 00:00:00'),
(52, 45, 2, '0000-00-00 00:00:00', '0000-00-00 00:00:00');

-- --------------------------------------------------------

--
-- Estructura de tabla para la tabla `contributors`
--

CREATE TABLE IF NOT EXISTS `contributors` (
  `id` int(10) unsigned NOT NULL AUTO_INCREMENT,
  `user_id` int(11) NOT NULL,
  `course_id` int(11) NOT NULL,
  `status` varchar(255) COLLATE utf8_unicode_ci NOT NULL,
  `created_at` timestamp NOT NULL DEFAULT '0000-00-00 00:00:00',
  `updated_at` timestamp NOT NULL DEFAULT '0000-00-00 00:00:00',
  `deleted_at` timestamp NULL DEFAULT NULL,
  PRIMARY KEY (`id`)
) ENGINE=InnoDB DEFAULT CHARSET=utf8 COLLATE=utf8_unicode_ci AUTO_INCREMENT=1 ;

-- --------------------------------------------------------

--
-- Estructura de tabla para la tabla `courses`
--

CREATE TABLE IF NOT EXISTS `courses` (
  `id` int(10) unsigned NOT NULL AUTO_INCREMENT,
  `author_id` int(11) NOT NULL,
  `name` varchar(255) COLLATE utf8_unicode_ci NOT NULL,
  `title` varchar(255) COLLATE utf8_unicode_ci NOT NULL,
  `description` text COLLATE utf8_unicode_ci NOT NULL,
  `main_picture` varchar(255) COLLATE utf8_unicode_ci NOT NULL,
  `cover_picture` varchar(255) COLLATE utf8_unicode_ci NOT NULL,
  `thumbnail_picture` varchar(255) COLLATE utf8_unicode_ci NOT NULL,
  `status` varchar(255) COLLATE utf8_unicode_ci NOT NULL,
  `created_at` timestamp NOT NULL DEFAULT '0000-00-00 00:00:00',
  `updated_at` timestamp NOT NULL DEFAULT '0000-00-00 00:00:00',
  `deleted_at` timestamp NULL DEFAULT NULL,
  PRIMARY KEY (`id`)
) ENGINE=InnoDB  DEFAULT CHARSET=utf8 COLLATE=utf8_unicode_ci AUTO_INCREMENT=8 ;

--
-- Volcado de datos para la tabla `courses`
--

INSERT INTO `courses` (`id`, `author_id`, `name`, `title`, `description`, `main_picture`, `cover_picture`, `thumbnail_picture`, `status`, `created_at`, `updated_at`, `deleted_at`) VALUES
(1, 4, 'matematica-i', 'Matemática II', '												<p style="margin-top: 0.5em; margin-bottom: 0.5em; line-height: 22.3999996185303px; color: rgb(37, 37, 37); font-family: sans-serif; font-size: 14px;">Las&nbsp;<b>matemáticas</b>&nbsp;o la&nbsp;<b>matemática</b><sup id="cite_ref-DRAE_1-0" class="reference" style="line-height: 1em; unicode-bidi: -webkit-isolate;"><a href="http://es.wikipedia.org/wiki/Matem%C3%A1ticas#cite_note-DRAE-1" style="color: rgb(11, 0, 128); white-space: nowrap; background-image: none; background-attachment: initial; background-size: initial; background-origin: initial; background-clip: initial; background-position: initial; background-repeat: initial;">1</a></sup>&nbsp;(del&nbsp;<a href="http://es.wikipedia.org/wiki/Lat%C3%ADn" title="Latín" style="color: rgb(11, 0, 128); background-image: none; background-attachment: initial; background-size: initial; background-origin: initial; background-clip: initial; background-position: initial; background-repeat: initial;">latín</a>&nbsp;<i>mathematĭca</i>, y este del&nbsp;<a href="http://es.wikipedia.org/wiki/Griego_antiguo" title="Griego antiguo" style="color: rgb(11, 0, 128); background-image: none; background-attachment: initial; background-size: initial; background-origin: initial; background-clip: initial; background-position: initial; background-repeat: initial;">griego</a>&nbsp;μαθηματικά, derivado de μάθημα, ‘<a href="http://es.wikipedia.org/wiki/Conocimiento" title="Conocimiento" style="color: rgb(11, 0, 128); background-image: none; background-attachment: initial; background-size: initial; background-origin: initial; background-clip: initial; background-position: initial; background-repeat: initial;">conocimiento</a>’) es una<a href="http://es.wikipedia.org/wiki/Ciencias_formales" title="Ciencias formales" style="color: rgb(11, 0, 128); background-image: none; background-attachment: initial; background-size: initial; background-origin: initial; background-clip: initial; background-position: initial; background-repeat: initial;">ciencia formal</a>&nbsp;que, partiendo de&nbsp;<a href="http://es.wikipedia.org/wiki/Axioma" title="Axioma" style="color: rgb(11, 0, 128); background-image: none; background-attachment: initial; background-size: initial; background-origin: initial; background-clip: initial; background-position: initial; background-repeat: initial;">axiomas</a>&nbsp;y siguiendo el razonamiento lógico, estudia las propiedades y relaciones entre entidades abstractas como&nbsp;<a href="http://es.wikipedia.org/wiki/N%C3%BAmero" title="Número" style="color: rgb(11, 0, 128); background-image: none; background-attachment: initial; background-size: initial; background-origin: initial; background-clip: initial; background-position: initial; background-repeat: initial;">números</a>,&nbsp;<a href="http://es.wikipedia.org/wiki/Figura_geom%C3%A9trica" title="Figura geométrica" style="color: rgb(11, 0, 128); background-image: none; background-attachment: initial; background-size: initial; background-origin: initial; background-clip: initial; background-position: initial; background-repeat: initial;">figuras geométricas</a>&nbsp;o&nbsp;<a href="http://es.wikipedia.org/wiki/S%C3%ADmbolo" title="Símbolo" style="color: rgb(11, 0, 128); background-image: none; background-attachment: initial; background-size: initial; background-origin: initial; background-clip: initial; background-position: initial; background-repeat: initial;">símbolos</a>.</p><p style="margin-top: 0.5em; margin-bottom: 0.5em; line-height: 22.3999996185303px; color: rgb(37, 37, 37); font-family: sans-serif; font-size: 14px;">Para explicar el mundo natural se usan las matemáticas, tal como lo expresó&nbsp;<a href="http://es.wikipedia.org/wiki/Eugene_Paul_Wigner" title="Eugene Paul Wigner" style="color: rgb(11, 0, 128); background-image: none; background-attachment: initial; background-size: initial; background-origin: initial; background-clip: initial; background-position: initial; background-repeat: initial;">Eugene Paul Wigner</a>&nbsp;(<a href="http://es.wikipedia.org/wiki/Anexo:Ganadores_del_Premio_Nobel_de_F%C3%ADsica" title="Anexo:Ganadores del Premio Nobel de Física" style="color: rgb(11, 0, 128); background-image: none; background-attachment: initial; background-size: initial; background-origin: initial; background-clip: initial; background-position: initial; background-repeat: initial;">Premio Nobel de física</a>&nbsp;en 1963):<sup id="cite_ref-2" class="reference" style="line-height: 1em; unicode-bidi: -webkit-isolate;"><a href="http://es.wikipedia.org/wiki/Matem%C3%A1ticas#cite_note-2" style="color: rgb(11, 0, 128); white-space: nowrap; background-image: none; background-attachment: initial; background-size: initial; background-origin: initial; background-clip: initial; background-position: initial; background-repeat: initial;">2</a></sup></p><blockquote class="citado" style="font-size: 12.6000003814697px; padding: 5px 10px; color: rgb(37, 37, 37); font-family: sans-serif; margin: 1em 4em; background-color: rgb(249, 249, 249);"><p style="margin-top: 0.5em; margin-bottom: 0.5em; line-height: inherit;">La enorme utilidad de las matemáticas en las ciencias naturales es algo que roza lo misterioso, y no hay explicación para ello. No es en absoluto natural que existan “leyes de la naturaleza”, y mucho menos que el hombre sea capaz de descubrirlas. El milagro de lo apropiado que resulta el lenguaje de las matemáticas para la formulación de las leyes de la física es un regalo maravilloso que no comprendemos ni nos merecemos.</p></blockquote><p style="margin-top: 0.5em; margin-bottom: 0.5em; line-height: 22.3999996185303px; color: rgb(37, 37, 37); font-family: sans-serif; font-size: 14px;">Mediante la abstracción y el uso de la&nbsp;<a href="http://es.wikipedia.org/wiki/L%C3%B3gica" title="Lógica" style="color: rgb(11, 0, 128); background-image: none; background-attachment: initial; background-size: initial; background-origin: initial; background-clip: initial; background-position: initial; background-repeat: initial;">lógica</a>&nbsp;en el&nbsp;<a href="http://es.wikipedia.org/wiki/Razonamiento" title="Razonamiento" style="color: rgb(11, 0, 128); background-image: none; background-attachment: initial; background-size: initial; background-origin: initial; background-clip: initial; background-position: initial; background-repeat: initial;">razonamiento</a>, las matemáticas han evolucionado basándose en las&nbsp;<a href="http://es.wikipedia.org/wiki/Cuenta_(matem%C3%A1ticas)" title="Cuenta (matemáticas)" style="color: rgb(11, 0, 128); background-image: none; background-attachment: initial; background-size: initial; background-origin: initial; background-clip: initial; background-position: initial; background-repeat: initial;">cuentas</a>, el&nbsp;<a href="http://es.wikipedia.org/wiki/C%C3%A1lculo" title="Cálculo" style="color: rgb(11, 0, 128); background-image: none; background-attachment: initial; background-size: initial; background-origin: initial; background-clip: initial; background-position: initial; background-repeat: initial;">cálculo</a>&nbsp;y las&nbsp;<a href="http://es.wikipedia.org/wiki/Medici%C3%B3n" title="Medición" style="color: rgb(11, 0, 128); background-image: none; background-attachment: initial; background-size: initial; background-origin: initial; background-clip: initial; background-position: initial; background-repeat: initial;">mediciones</a>, junto con el estudio sistemático de la&nbsp;<a href="http://es.wikipedia.org/wiki/Forma_(figura)" title="Forma (figura)" style="color: rgb(11, 0, 128); background-image: none; background-attachment: initial; background-size: initial; background-origin: initial; background-clip: initial; background-position: initial; background-repeat: initial;">forma</a>&nbsp;y el&nbsp;<a href="http://es.wikipedia.org/wiki/Movimiento_(f%C3%ADsica)" title="Movimiento (física)" style="color: rgb(11, 0, 128); background-image: none; background-attachment: initial; background-size: initial; background-origin: initial; background-clip: initial; background-position: initial; background-repeat: initial;">movimiento</a>&nbsp;de los objetos físicos. Las matemáticas, desde sus comienzos, han tenido un fin práctico.</p><p style="margin-top: 0.5em; margin-bottom: 0.5em; line-height: 22.3999996185303px; color: rgb(37, 37, 37); font-family: sans-serif; font-size: 14px;">Las explicaciones que se apoyaban en la lógica aparecieron por primera vez con la&nbsp;<a href="http://es.wikipedia.org/wiki/Matem%C3%A1tica_hel%C3%A9nica" title="Matemática helénica" style="color: rgb(11, 0, 128); background-image: none; background-attachment: initial; background-size: initial; background-origin: initial; background-clip: initial; background-position: initial; background-repeat: initial;">matemática helénica</a>, especialmente con los&nbsp;<i><a href="http://es.wikipedia.org/wiki/Elementos_de_Euclides" title="Elementos de Euclides" style="color: rgb(11, 0, 128); background-image: none; background-attachment: initial; background-size: initial; background-origin: initial; background-clip: initial; background-position: initial; background-repeat: initial;">Elementos</a></i>&nbsp;de&nbsp;<a href="http://es.wikipedia.org/wiki/Euclides" title="Euclides" style="color: rgb(11, 0, 128); background-image: none; background-attachment: initial; background-size: initial; background-origin: initial; background-clip: initial; background-position: initial; background-repeat: initial;">Euclides</a>. Las matemáticas siguieron desarrollándose, con continuas interrupciones, hasta que en el&nbsp;<a href="http://es.wikipedia.org/wiki/Renacimiento" title="Renacimiento" style="color: rgb(11, 0, 128); background-image: none; background-attachment: initial; background-size: initial; background-origin: initial; background-clip: initial; background-position: initial; background-repeat: initial;">Renacimiento</a>&nbsp;las innovaciones matemáticas interactuaron con los nuevos descubrimientos científicos. Como consecuencia, hubo una aceleración en la investigación que continúa hasta la actualidad.</p><p style="margin-top: 0.5em; margin-bottom: 0.5em; line-height: 22.3999996185303px; color: rgb(37, 37, 37); font-family: sans-serif; font-size: 14px;">Hoy en día, las matemáticas se usan en todo el mundo como una herramienta esencial en muchos campos, entre los que se encuentran las&nbsp;<a href="http://es.wikipedia.org/wiki/Ciencias_naturales" title="Ciencias naturales" style="color: rgb(11, 0, 128); background-image: none; background-attachment: initial; background-size: initial; background-origin: initial; background-clip: initial; background-position: initial; background-repeat: initial;">ciencias naturales</a>, la&nbsp;<a href="http://es.wikipedia.org/wiki/Ingenier%C3%ADa" title="Ingeniería" style="color: rgb(11, 0, 128); background-image: none; background-attachment: initial; background-size: initial; background-origin: initial; background-clip: initial; background-position: initial; background-repeat: initial;">ingeniería</a>, la<a href="http://es.wikipedia.org/wiki/Medicina" title="Medicina" style="color: rgb(11, 0, 128); background-image: none; background-attachment: initial; background-size: initial; background-origin: initial; background-clip: initial; background-position: initial; background-repeat: initial;">medicina</a>&nbsp;y las&nbsp;<a href="http://es.wikipedia.org/wiki/Ciencias_sociales" title="Ciencias sociales" style="color: rgb(11, 0, 128); background-image: none; background-attachment: initial; background-size: initial; background-origin: initial; background-clip: initial; background-position: initial; background-repeat: initial;">ciencias sociales</a>, e incluso disciplinas que, aparentemente, no están vinculadas con ella, como la&nbsp;<a href="http://es.wikipedia.org/wiki/M%C3%BAsica" title="Música" style="color: rgb(11, 0, 128); background-image: none; background-attachment: initial; background-size: initial; background-origin: initial; background-clip: initial; background-position: initial; background-repeat: initial;">música</a>&nbsp;(por ejemplo, en cuestiones de resonancia armónica). Las&nbsp;<a href="http://es.wikipedia.org/wiki/Matem%C3%A1ticas_aplicadas" title="Matemáticas aplicadas" style="color: rgb(11, 0, 128); background-image: none; background-attachment: initial; background-size: initial; background-origin: initial; background-clip: initial; background-position: initial; background-repeat: initial;">matemáticas aplicadas</a>, rama de las matemáticas destinada a la aplicación de los conocimientos matemáticos a otros ámbitos, inspiran y hacen uso de los nuevos descubrimientos matemáticos y, en ocasiones, conducen al desarrollo de nuevas disciplinas. Los matemáticos también participan en las&nbsp;<a href="http://es.wikipedia.org/wiki/Matem%C3%A1ticas_puras" title="Matemáticas puras" style="color: rgb(11, 0, 128); background-image: none; background-attachment: initial; background-size: initial; background-origin: initial; background-clip: initial; background-position: initial; background-repeat: initial;">matemáticas puras</a>, sin tener en cuenta la aplicación de esta ciencia, aunque las aplicaciones prácticas de las matemáticas puras suelen ser descubiertas con el paso del tiempo.</p>											\r\n											', '', '', '', 'inactive', '2015-04-15 06:10:28', '2015-04-16 04:19:35', '2015-04-16 04:19:35'),
(2, 4, 'matematica-i-1', 'Matemática I', '<p style="margin-top: 0.5em; margin-bottom: 0.5em; line-height: 22.3999996185303px; color: rgb(37, 37, 37); font-family: sans-serif; font-size: 14px;">Las&nbsp;<b>matemáticas</b>&nbsp;o la&nbsp;<b>matemática</b><sup id="cite_ref-DRAE_1-0" class="reference" style="line-height: 1em; unicode-bidi: -webkit-isolate;"><a href="http://es.wikipedia.org/wiki/Matem%C3%A1ticas#cite_note-DRAE-1" style="color: rgb(11, 0, 128); white-space: nowrap; background-image: none; background-attachment: initial; background-size: initial; background-origin: initial; background-clip: initial; background-position: initial; background-repeat: initial;">1</a></sup>&nbsp;(del&nbsp;<a href="http://es.wikipedia.org/wiki/Lat%C3%ADn" title="Latín" style="color: rgb(11, 0, 128); background-image: none; background-attachment: initial; background-size: initial; background-origin: initial; background-clip: initial; background-position: initial; background-repeat: initial;">latín</a>&nbsp;<i>mathematĭca</i>, y este del&nbsp;<a href="http://es.wikipedia.org/wiki/Griego_antiguo" title="Griego antiguo" style="color: rgb(11, 0, 128); background-image: none; background-attachment: initial; background-size: initial; background-origin: initial; background-clip: initial; background-position: initial; background-repeat: initial;">griego</a>&nbsp;μαθηματικά, derivado de μάθημα, ‘<a href="http://es.wikipedia.org/wiki/Conocimiento" title="Conocimiento" style="color: rgb(11, 0, 128); background-image: none; background-attachment: initial; background-size: initial; background-origin: initial; background-clip: initial; background-position: initial; background-repeat: initial;">conocimiento</a>’) es una<a href="http://es.wikipedia.org/wiki/Ciencias_formales" title="Ciencias formales" style="color: rgb(11, 0, 128); background-image: none; background-attachment: initial; background-size: initial; background-origin: initial; background-clip: initial; background-position: initial; background-repeat: initial;">ciencia formal</a>&nbsp;que, partiendo de&nbsp;<a href="http://es.wikipedia.org/wiki/Axioma" title="Axioma" style="color: rgb(11, 0, 128); background-image: none; background-attachment: initial; background-size: initial; background-origin: initial; background-clip: initial; background-position: initial; background-repeat: initial;">axiomas</a>&nbsp;y siguiendo el razonamiento lógico, estudia las propiedades y relaciones entre entidades abstractas como&nbsp;<a href="http://es.wikipedia.org/wiki/N%C3%BAmero" title="Número" style="color: rgb(11, 0, 128); background-image: none; background-attachment: initial; background-size: initial; background-origin: initial; background-clip: initial; background-position: initial; background-repeat: initial;">números</a>,&nbsp;<a href="http://es.wikipedia.org/wiki/Figura_geom%C3%A9trica" title="Figura geométrica" style="color: rgb(11, 0, 128); background-image: none; background-attachment: initial; background-size: initial; background-origin: initial; background-clip: initial; background-position: initial; background-repeat: initial;">figuras geométricas</a>&nbsp;o&nbsp;<a href="http://es.wikipedia.org/wiki/S%C3%ADmbolo" title="Símbolo" style="color: rgb(11, 0, 128); background-image: none; background-attachment: initial; background-size: initial; background-origin: initial; background-clip: initial; background-position: initial; background-repeat: initial;">símbolos</a>.</p><p style="margin-top: 0.5em; margin-bottom: 0.5em; line-height: 22.3999996185303px; color: rgb(37, 37, 37); font-family: sans-serif; font-size: 14px;">Para explicar el mundo natural se usan las matemáticas, tal como lo expresó&nbsp;<a href="http://es.wikipedia.org/wiki/Eugene_Paul_Wigner" title="Eugene Paul Wigner" style="color: rgb(11, 0, 128); background-image: none; background-attachment: initial; background-size: initial; background-origin: initial; background-clip: initial; background-position: initial; background-repeat: initial;">Eugene Paul Wigner</a>&nbsp;(<a href="http://es.wikipedia.org/wiki/Anexo:Ganadores_del_Premio_Nobel_de_F%C3%ADsica" title="Anexo:Ganadores del Premio Nobel de Física" style="color: rgb(11, 0, 128); background-image: none; background-attachment: initial; background-size: initial; background-origin: initial; background-clip: initial; background-position: initial; background-repeat: initial;">Premio Nobel de física</a>&nbsp;en 1963):<sup id="cite_ref-2" class="reference" style="line-height: 1em; unicode-bidi: -webkit-isolate;"><a href="http://es.wikipedia.org/wiki/Matem%C3%A1ticas#cite_note-2" style="color: rgb(11, 0, 128); white-space: nowrap; background-image: none; background-attachment: initial; background-size: initial; background-origin: initial; background-clip: initial; background-position: initial; background-repeat: initial;">2</a></sup></p><blockquote class="citado" style="font-size: 12.6000003814697px; padding: 5px 10px; color: rgb(37, 37, 37); font-family: sans-serif; margin: 1em 4em; background-color: rgb(249, 249, 249);"><p style="margin-top: 0.5em; margin-bottom: 0.5em; line-height: inherit;">La enorme utilidad de las matemáticas en las ciencias naturales es algo que roza lo misterioso, y no hay explicación para ello. No es en absoluto natural que existan “leyes de la naturaleza”, y mucho menos que el hombre sea capaz de descubrirlas. El milagro de lo apropiado que resulta el lenguaje de las matemáticas para la formulación de las leyes de la física es un regalo maravilloso que no comprendemos ni nos merecemos.</p></blockquote><p style="margin-top: 0.5em; margin-bottom: 0.5em; line-height: 22.3999996185303px; color: rgb(37, 37, 37); font-family: sans-serif; font-size: 14px;">Mediante la abstracción y el uso de la&nbsp;<a href="http://es.wikipedia.org/wiki/L%C3%B3gica" title="Lógica" style="color: rgb(11, 0, 128); background-image: none; background-attachment: initial; background-size: initial; background-origin: initial; background-clip: initial; background-position: initial; background-repeat: initial;">lógica</a>&nbsp;en el&nbsp;<a href="http://es.wikipedia.org/wiki/Razonamiento" title="Razonamiento" style="color: rgb(11, 0, 128); background-image: none; background-attachment: initial; background-size: initial; background-origin: initial; background-clip: initial; background-position: initial; background-repeat: initial;">razonamiento</a>, las matemáticas han evolucionado basándose en las&nbsp;<a href="http://es.wikipedia.org/wiki/Cuenta_(matem%C3%A1ticas)" title="Cuenta (matemáticas)" style="color: rgb(11, 0, 128); background-image: none; background-attachment: initial; background-size: initial; background-origin: initial; background-clip: initial; background-position: initial; background-repeat: initial;">cuentas</a>, el&nbsp;<a href="http://es.wikipedia.org/wiki/C%C3%A1lculo" title="Cálculo" style="color: rgb(11, 0, 128); background-image: none; background-attachment: initial; background-size: initial; background-origin: initial; background-clip: initial; background-position: initial; background-repeat: initial;">cálculo</a>&nbsp;y las&nbsp;<a href="http://es.wikipedia.org/wiki/Medici%C3%B3n" title="Medición" style="color: rgb(11, 0, 128); background-image: none; background-attachment: initial; background-size: initial; background-origin: initial; background-clip: initial; background-position: initial; background-repeat: initial;">mediciones</a>, junto con el estudio sistemático de la&nbsp;<a href="http://es.wikipedia.org/wiki/Forma_(figura)" title="Forma (figura)" style="color: rgb(11, 0, 128); background-image: none; background-attachment: initial; background-size: initial; background-origin: initial; background-clip: initial; background-position: initial; background-repeat: initial;">forma</a>&nbsp;y el&nbsp;<a href="http://es.wikipedia.org/wiki/Movimiento_(f%C3%ADsica)" title="Movimiento (física)" style="color: rgb(11, 0, 128); background-image: none; background-attachment: initial; background-size: initial; background-origin: initial; background-clip: initial; background-position: initial; background-repeat: initial;">movimiento</a>&nbsp;de los objetos físicos. Las matemáticas, desde sus comienzos, han tenido un fin práctico.</p><p style="margin-top: 0.5em; margin-bottom: 0.5em; line-height: 22.3999996185303px; color: rgb(37, 37, 37); font-family: sans-serif; font-size: 14px;">Las explicaciones que se apoyaban en la lógica aparecieron por primera vez con la&nbsp;<a href="http://es.wikipedia.org/wiki/Matem%C3%A1tica_hel%C3%A9nica" title="Matemática helénica" style="color: rgb(11, 0, 128); background-image: none; background-attachment: initial; background-size: initial; background-origin: initial; background-clip: initial; background-position: initial; background-repeat: initial;">matemática helénica</a>, especialmente con los&nbsp;<i><a href="http://es.wikipedia.org/wiki/Elementos_de_Euclides" title="Elementos de Euclides" style="color: rgb(11, 0, 128); background-image: none; background-attachment: initial; background-size: initial; background-origin: initial; background-clip: initial; background-position: initial; background-repeat: initial;">Elementos</a></i>&nbsp;de&nbsp;<a href="http://es.wikipedia.org/wiki/Euclides" title="Euclides" style="color: rgb(11, 0, 128); background-image: none; background-attachment: initial; background-size: initial; background-origin: initial; background-clip: initial; background-position: initial; background-repeat: initial;">Euclides</a>. Las matemáticas siguieron desarrollándose, con continuas interrupciones, hasta que en el&nbsp;<a href="http://es.wikipedia.org/wiki/Renacimiento" title="Renacimiento" style="color: rgb(11, 0, 128); background-image: none; background-attachment: initial; background-size: initial; background-origin: initial; background-clip: initial; background-position: initial; background-repeat: initial;">Renacimiento</a>&nbsp;las innovaciones matemáticas interactuaron con los nuevos descubrimientos científicos. Como consecuencia, hubo una aceleración en la investigación que continúa hasta la actualidad.</p><p style="margin-top: 0.5em; margin-bottom: 0.5em; line-height: 22.3999996185303px; color: rgb(37, 37, 37); font-family: sans-serif; font-size: 14px;">Hoy en día, las matemáticas se usan en todo el mundo como una herramienta esencial en muchos campos, entre los que se encuentran las&nbsp;<a href="http://es.wikipedia.org/wiki/Ciencias_naturales" title="Ciencias naturales" style="color: rgb(11, 0, 128); background-image: none; background-attachment: initial; background-size: initial; background-origin: initial; background-clip: initial; background-position: initial; background-repeat: initial;">ciencias naturales</a>, la&nbsp;<a href="http://es.wikipedia.org/wiki/Ingenier%C3%ADa" title="Ingeniería" style="color: rgb(11, 0, 128); background-image: none; background-attachment: initial; background-size: initial; background-origin: initial; background-clip: initial; background-position: initial; background-repeat: initial;">ingeniería</a>, la<a href="http://es.wikipedia.org/wiki/Medicina" title="Medicina" style="color: rgb(11, 0, 128); background-image: none; background-attachment: initial; background-size: initial; background-origin: initial; background-clip: initial; background-position: initial; background-repeat: initial;">medicina</a>&nbsp;y las&nbsp;<a href="http://es.wikipedia.org/wiki/Ciencias_sociales" title="Ciencias sociales" style="color: rgb(11, 0, 128); background-image: none; background-attachment: initial; background-size: initial; background-origin: initial; background-clip: initial; background-position: initial; background-repeat: initial;">ciencias sociales</a>, e incluso disciplinas que, aparentemente, no están vinculadas con ella, como la&nbsp;<a href="http://es.wikipedia.org/wiki/M%C3%BAsica" title="Música" style="color: rgb(11, 0, 128); background-image: none; background-attachment: initial; background-size: initial; background-origin: initial; background-clip: initial; background-position: initial; background-repeat: initial;">música</a>&nbsp;(por ejemplo, en cuestiones de resonancia armónica). Las&nbsp;<a href="http://es.wikipedia.org/wiki/Matem%C3%A1ticas_aplicadas" title="Matemáticas aplicadas" style="color: rgb(11, 0, 128); background-image: none; background-attachment: initial; background-size: initial; background-origin: initial; background-clip: initial; background-position: initial; background-repeat: initial;">matemáticas aplicadas</a>, rama de las matemáticas destinada a la aplicación de los conocimientos matemáticos a otros ámbitos, inspiran y hacen uso de los nuevos descubrimientos matemáticos y, en ocasiones, conducen al desarrollo de nuevas disciplinas. Los matemáticos también participan en las&nbsp;<a href="http://es.wikipedia.org/wiki/Matem%C3%A1ticas_puras" title="Matemáticas puras" style="color: rgb(11, 0, 128); background-image: none; background-attachment: initial; background-size: initial; background-origin: initial; background-clip: initial; background-position: initial; background-repeat: initial;">matemáticas puras</a>, sin tener en cuenta la aplicación de esta ciencia, aunque las aplicaciones prácticas de las matemáticas puras suelen ser descubiertas con el paso del tiempo.</p>											', '', '', '', 'inactive', '2015-04-15 06:43:29', '2015-04-15 07:27:19', '2015-04-15 07:27:19'),
(3, 4, 'matematica-i-2', 'Matemática I', '<p style="margin-top: 0.5em; margin-bottom: 0.5em; line-height: 22.3999996185303px; color: rgb(37, 37, 37); font-family: sans-serif; font-size: 14px;">Las&nbsp;<b>matemáticas</b>&nbsp;o la&nbsp;<b>matemática</b><sup id="cite_ref-DRAE_1-0" class="reference" style="line-height: 1em; unicode-bidi: -webkit-isolate;"><a href="http://es.wikipedia.org/wiki/Matem%C3%A1ticas#cite_note-DRAE-1" style="color: rgb(11, 0, 128); white-space: nowrap; background-image: none; background-attachment: initial; background-size: initial; background-origin: initial; background-clip: initial; background-position: initial; background-repeat: initial;">1</a></sup>&nbsp;(del&nbsp;<a href="http://es.wikipedia.org/wiki/Lat%C3%ADn" title="Latín" style="color: rgb(11, 0, 128); background-image: none; background-attachment: initial; background-size: initial; background-origin: initial; background-clip: initial; background-position: initial; background-repeat: initial;">latín</a>&nbsp;<i>mathematĭca</i>, y este del&nbsp;<a href="http://es.wikipedia.org/wiki/Griego_antiguo" title="Griego antiguo" style="color: rgb(11, 0, 128); background-image: none; background-attachment: initial; background-size: initial; background-origin: initial; background-clip: initial; background-position: initial; background-repeat: initial;">griego</a>&nbsp;μαθηματικά, derivado de μάθημα, ‘<a href="http://es.wikipedia.org/wiki/Conocimiento" title="Conocimiento" style="color: rgb(11, 0, 128); background-image: none; background-attachment: initial; background-size: initial; background-origin: initial; background-clip: initial; background-position: initial; background-repeat: initial;">conocimiento</a>’) es una<a href="http://es.wikipedia.org/wiki/Ciencias_formales" title="Ciencias formales" style="color: rgb(11, 0, 128); background-image: none; background-attachment: initial; background-size: initial; background-origin: initial; background-clip: initial; background-position: initial; background-repeat: initial;">ciencia formal</a>&nbsp;que, partiendo de&nbsp;<a href="http://es.wikipedia.org/wiki/Axioma" title="Axioma" style="color: rgb(11, 0, 128); background-image: none; background-attachment: initial; background-size: initial; background-origin: initial; background-clip: initial; background-position: initial; background-repeat: initial;">axiomas</a>&nbsp;y siguiendo el razonamiento lógico, estudia las propiedades y relaciones entre entidades abstractas como&nbsp;<a href="http://es.wikipedia.org/wiki/N%C3%BAmero" title="Número" style="color: rgb(11, 0, 128); background-image: none; background-attachment: initial; background-size: initial; background-origin: initial; background-clip: initial; background-position: initial; background-repeat: initial;">números</a>,&nbsp;<a href="http://es.wikipedia.org/wiki/Figura_geom%C3%A9trica" title="Figura geométrica" style="color: rgb(11, 0, 128); background-image: none; background-attachment: initial; background-size: initial; background-origin: initial; background-clip: initial; background-position: initial; background-repeat: initial;">figuras geométricas</a>&nbsp;o&nbsp;<a href="http://es.wikipedia.org/wiki/S%C3%ADmbolo" title="Símbolo" style="color: rgb(11, 0, 128); background-image: none; background-attachment: initial; background-size: initial; background-origin: initial; background-clip: initial; background-position: initial; background-repeat: initial;">símbolos</a>.</p><p style="margin-top: 0.5em; margin-bottom: 0.5em; line-height: 22.3999996185303px; color: rgb(37, 37, 37); font-family: sans-serif; font-size: 14px;">Para explicar el mundo natural se usan las matemáticas, tal como lo expresó&nbsp;<a href="http://es.wikipedia.org/wiki/Eugene_Paul_Wigner" title="Eugene Paul Wigner" style="color: rgb(11, 0, 128); background-image: none; background-attachment: initial; background-size: initial; background-origin: initial; background-clip: initial; background-position: initial; background-repeat: initial;">Eugene Paul Wigner</a>&nbsp;(<a href="http://es.wikipedia.org/wiki/Anexo:Ganadores_del_Premio_Nobel_de_F%C3%ADsica" title="Anexo:Ganadores del Premio Nobel de Física" style="color: rgb(11, 0, 128); background-image: none; background-attachment: initial; background-size: initial; background-origin: initial; background-clip: initial; background-position: initial; background-repeat: initial;">Premio Nobel de física</a>&nbsp;en 1963):<sup id="cite_ref-2" class="reference" style="line-height: 1em; unicode-bidi: -webkit-isolate;"><a href="http://es.wikipedia.org/wiki/Matem%C3%A1ticas#cite_note-2" style="color: rgb(11, 0, 128); white-space: nowrap; background-image: none; background-attachment: initial; background-size: initial; background-origin: initial; background-clip: initial; background-position: initial; background-repeat: initial;">2</a></sup></p><blockquote class="citado" style="font-size: 12.6000003814697px; padding: 5px 10px; color: rgb(37, 37, 37); font-family: sans-serif; margin: 1em 4em; background-color: rgb(249, 249, 249);"><p style="margin-top: 0.5em; margin-bottom: 0.5em; line-height: inherit;">La enorme utilidad de las matemáticas en las ciencias naturales es algo que roza lo misterioso, y no hay explicación para ello. No es en absoluto natural que existan “leyes de la naturaleza”, y mucho menos que el hombre sea capaz de descubrirlas. El milagro de lo apropiado que resulta el lenguaje de las matemáticas para la formulación de las leyes de la física es un regalo maravilloso que no comprendemos ni nos merecemos.</p></blockquote><p style="margin-top: 0.5em; margin-bottom: 0.5em; line-height: 22.3999996185303px; color: rgb(37, 37, 37); font-family: sans-serif; font-size: 14px;">Mediante la abstracción y el uso de la&nbsp;<a href="http://es.wikipedia.org/wiki/L%C3%B3gica" title="Lógica" style="color: rgb(11, 0, 128); background-image: none; background-attachment: initial; background-size: initial; background-origin: initial; background-clip: initial; background-position: initial; background-repeat: initial;">lógica</a>&nbsp;en el&nbsp;<a href="http://es.wikipedia.org/wiki/Razonamiento" title="Razonamiento" style="color: rgb(11, 0, 128); background-image: none; background-attachment: initial; background-size: initial; background-origin: initial; background-clip: initial; background-position: initial; background-repeat: initial;">razonamiento</a>, las matemáticas han evolucionado basándose en las&nbsp;<a href="http://es.wikipedia.org/wiki/Cuenta_(matem%C3%A1ticas)" title="Cuenta (matemáticas)" style="color: rgb(11, 0, 128); background-image: none; background-attachment: initial; background-size: initial; background-origin: initial; background-clip: initial; background-position: initial; background-repeat: initial;">cuentas</a>, el&nbsp;<a href="http://es.wikipedia.org/wiki/C%C3%A1lculo" title="Cálculo" style="color: rgb(11, 0, 128); background-image: none; background-attachment: initial; background-size: initial; background-origin: initial; background-clip: initial; background-position: initial; background-repeat: initial;">cálculo</a>&nbsp;y las&nbsp;<a href="http://es.wikipedia.org/wiki/Medici%C3%B3n" title="Medición" style="color: rgb(11, 0, 128); background-image: none; background-attachment: initial; background-size: initial; background-origin: initial; background-clip: initial; background-position: initial; background-repeat: initial;">mediciones</a>, junto con el estudio sistemático de la&nbsp;<a href="http://es.wikipedia.org/wiki/Forma_(figura)" title="Forma (figura)" style="color: rgb(11, 0, 128); background-image: none; background-attachment: initial; background-size: initial; background-origin: initial; background-clip: initial; background-position: initial; background-repeat: initial;">forma</a>&nbsp;y el&nbsp;<a href="http://es.wikipedia.org/wiki/Movimiento_(f%C3%ADsica)" title="Movimiento (física)" style="color: rgb(11, 0, 128); background-image: none; background-attachment: initial; background-size: initial; background-origin: initial; background-clip: initial; background-position: initial; background-repeat: initial;">movimiento</a>&nbsp;de los objetos físicos. Las matemáticas, desde sus comienzos, han tenido un fin práctico.</p><p style="margin-top: 0.5em; margin-bottom: 0.5em; line-height: 22.3999996185303px; color: rgb(37, 37, 37); font-family: sans-serif; font-size: 14px;">Las explicaciones que se apoyaban en la lógica aparecieron por primera vez con la&nbsp;<a href="http://es.wikipedia.org/wiki/Matem%C3%A1tica_hel%C3%A9nica" title="Matemática helénica" style="color: rgb(11, 0, 128); background-image: none; background-attachment: initial; background-size: initial; background-origin: initial; background-clip: initial; background-position: initial; background-repeat: initial;">matemática helénica</a>, especialmente con los&nbsp;<i><a href="http://es.wikipedia.org/wiki/Elementos_de_Euclides" title="Elementos de Euclides" style="color: rgb(11, 0, 128); background-image: none; background-attachment: initial; background-size: initial; background-origin: initial; background-clip: initial; background-position: initial; background-repeat: initial;">Elementos</a></i>&nbsp;de&nbsp;<a href="http://es.wikipedia.org/wiki/Euclides" title="Euclides" style="color: rgb(11, 0, 128); background-image: none; background-attachment: initial; background-size: initial; background-origin: initial; background-clip: initial; background-position: initial; background-repeat: initial;">Euclides</a>. Las matemáticas siguieron desarrollándose, con continuas interrupciones, hasta que en el&nbsp;<a href="http://es.wikipedia.org/wiki/Renacimiento" title="Renacimiento" style="color: rgb(11, 0, 128); background-image: none; background-attachment: initial; background-size: initial; background-origin: initial; background-clip: initial; background-position: initial; background-repeat: initial;">Renacimiento</a>&nbsp;las innovaciones matemáticas interactuaron con los nuevos descubrimientos científicos. Como consecuencia, hubo una aceleración en la investigación que continúa hasta la actualidad.</p><p style="margin-top: 0.5em; margin-bottom: 0.5em; line-height: 22.3999996185303px; color: rgb(37, 37, 37); font-family: sans-serif; font-size: 14px;">Hoy en día, las matemáticas se usan en todo el mundo como una herramienta esencial en muchos campos, entre los que se encuentran las&nbsp;<a href="http://es.wikipedia.org/wiki/Ciencias_naturales" title="Ciencias naturales" style="color: rgb(11, 0, 128); background-image: none; background-attachment: initial; background-size: initial; background-origin: initial; background-clip: initial; background-position: initial; background-repeat: initial;">ciencias naturales</a>, la&nbsp;<a href="http://es.wikipedia.org/wiki/Ingenier%C3%ADa" title="Ingeniería" style="color: rgb(11, 0, 128); background-image: none; background-attachment: initial; background-size: initial; background-origin: initial; background-clip: initial; background-position: initial; background-repeat: initial;">ingeniería</a>, la<a href="http://es.wikipedia.org/wiki/Medicina" title="Medicina" style="color: rgb(11, 0, 128); background-image: none; background-attachment: initial; background-size: initial; background-origin: initial; background-clip: initial; background-position: initial; background-repeat: initial;">medicina</a>&nbsp;y las&nbsp;<a href="http://es.wikipedia.org/wiki/Ciencias_sociales" title="Ciencias sociales" style="color: rgb(11, 0, 128); background-image: none; background-attachment: initial; background-size: initial; background-origin: initial; background-clip: initial; background-position: initial; background-repeat: initial;">ciencias sociales</a>, e incluso disciplinas que, aparentemente, no están vinculadas con ella, como la&nbsp;<a href="http://es.wikipedia.org/wiki/M%C3%BAsica" title="Música" style="color: rgb(11, 0, 128); background-image: none; background-attachment: initial; background-size: initial; background-origin: initial; background-clip: initial; background-position: initial; background-repeat: initial;">música</a>&nbsp;(por ejemplo, en cuestiones de resonancia armónica). Las&nbsp;<a href="http://es.wikipedia.org/wiki/Matem%C3%A1ticas_aplicadas" title="Matemáticas aplicadas" style="color: rgb(11, 0, 128); background-image: none; background-attachment: initial; background-size: initial; background-origin: initial; background-clip: initial; background-position: initial; background-repeat: initial;">matemáticas aplicadas</a>, rama de las matemáticas destinada a la aplicación de los conocimientos matemáticos a otros ámbitos, inspiran y hacen uso de los nuevos descubrimientos matemáticos y, en ocasiones, conducen al desarrollo de nuevas disciplinas. Los matemáticos también participan en las&nbsp;<a href="http://es.wikipedia.org/wiki/Matem%C3%A1ticas_puras" title="Matemáticas puras" style="color: rgb(11, 0, 128); background-image: none; background-attachment: initial; background-size: initial; background-origin: initial; background-clip: initial; background-position: initial; background-repeat: initial;">matemáticas puras</a>, sin tener en cuenta la aplicación de esta ciencia, aunque las aplicaciones prácticas de las matemáticas puras suelen ser descubiertas con el paso del tiempo.</p>											', '', '', '', 'inactive', '2015-04-15 06:45:13', '2015-04-15 07:27:51', '2015-04-15 07:27:51');
INSERT INTO `courses` (`id`, `author_id`, `name`, `title`, `description`, `main_picture`, `cover_picture`, `thumbnail_picture`, `status`, `created_at`, `updated_at`, `deleted_at`) VALUES
(4, 4, 'fisica-i', 'Física I', '<p style="margin-top: 0.5em; margin-bottom: 0.5em; line-height: 22.3999996185303px; color: rgb(37, 37, 37); font-family: sans-serif; font-size: 14px;">La&nbsp;<b>física</b>&nbsp;(del&nbsp;<a href="http://es.wikipedia.org/wiki/Lat%C3%ADn" title="Latín" style="color: rgb(11, 0, 128); background-image: none; background-attachment: initial; background-size: initial; background-origin: initial; background-clip: initial; background-position: initial; background-repeat: initial;">lat.</a>&nbsp;<i>physica</i>, y este del&nbsp;<a href="http://es.wikipedia.org/wiki/Griego_antiguo" title="Griego antiguo" style="color: rgb(11, 0, 128); background-image: none; background-attachment: initial; background-size: initial; background-origin: initial; background-clip: initial; background-position: initial; background-repeat: initial;">gr.</a>&nbsp;<i>τὰ φυσικά</i>, neutro plural de&nbsp;<i>φυσικός</i>, "naturaleza") es la&nbsp;<a href="http://es.wikipedia.org/wiki/Ciencia" title="Ciencia" style="color: rgb(11, 0, 128); background-image: none; background-attachment: initial; background-size: initial; background-origin: initial; background-clip: initial; background-position: initial; background-repeat: initial;">ciencia</a>&nbsp;<a href="http://es.wikipedia.org/wiki/Ciencias_naturales" title="Ciencias naturales" style="color: rgb(11, 0, 128); background-image: none; background-attachment: initial; background-size: initial; background-origin: initial; background-clip: initial; background-position: initial; background-repeat: initial;">natural</a>&nbsp;que estudia las propiedades y el comportamiento de la&nbsp;<a href="http://es.wikipedia.org/wiki/Energ%C3%ADa" title="Energía" style="color: rgb(11, 0, 128); background-image: none; background-attachment: initial; background-size: initial; background-origin: initial; background-clip: initial; background-position: initial; background-repeat: initial;">energía</a>&nbsp;y la&nbsp;<a href="http://es.wikipedia.org/wiki/Materia" title="Materia" style="color: rgb(11, 0, 128); background-image: none; background-attachment: initial; background-size: initial; background-origin: initial; background-clip: initial; background-position: initial; background-repeat: initial;">materia</a>&nbsp;(como también cualquier cambio en ella que no altere la naturaleza de la misma), así como al&nbsp;<a href="http://es.wikipedia.org/wiki/Tiempo" title="Tiempo" style="color: rgb(11, 0, 128); background-image: none; background-attachment: initial; background-size: initial; background-origin: initial; background-clip: initial; background-position: initial; background-repeat: initial;">tiempo</a>, el&nbsp;<a href="http://es.wikipedia.org/wiki/Espacio_(f%C3%ADsica)" title="Espacio (física)" style="color: rgb(11, 0, 128); background-image: none; background-attachment: initial; background-size: initial; background-origin: initial; background-clip: initial; background-position: initial; background-repeat: initial;">espacio</a>&nbsp;y las&nbsp;<a href="http://es.wikipedia.org/wiki/Interacciones_fundamentales" title="Interacciones fundamentales" style="color: rgb(11, 0, 128); background-image: none; background-attachment: initial; background-size: initial; background-origin: initial; background-clip: initial; background-position: initial; background-repeat: initial;">interacciones</a>&nbsp;de estos cuatro conceptos entre sí.</p><p style="margin-top: 0.5em; margin-bottom: 0.5em; line-height: 22.3999996185303px; color: rgb(37, 37, 37); font-family: sans-serif; font-size: 14px;">La física es una de las más antiguas disciplinas académicas, tal vez la más antigua, ya que la&nbsp;<a href="http://es.wikipedia.org/wiki/Astronom%C3%ADa" title="Astronomía" style="color: rgb(11, 0, 128); background-image: none; background-attachment: initial; background-size: initial; background-origin: initial; background-clip: initial; background-position: initial; background-repeat: initial;">astronomía</a>&nbsp;es una de sus disciplinas. En los últimos dos milenios, la física fue considerada dentro de lo que ahora llamamos&nbsp;<a href="http://es.wikipedia.org/wiki/Filosof%C3%ADa" title="Filosofía" style="color: rgb(11, 0, 128); background-image: none; background-attachment: initial; background-size: initial; background-origin: initial; background-clip: initial; background-position: initial; background-repeat: initial;">filosofía</a>,&nbsp;<a href="http://es.wikipedia.org/wiki/Qu%C3%ADmica" title="Química" style="color: rgb(11, 0, 128); background-image: none; background-attachment: initial; background-size: initial; background-origin: initial; background-clip: initial; background-position: initial; background-repeat: initial;">química</a>, y ciertas ramas de la&nbsp;<a href="http://es.wikipedia.org/wiki/Matem%C3%A1ticas" title="Matemáticas" style="color: rgb(11, 0, 128); background-image: none; background-attachment: initial; background-size: initial; background-origin: initial; background-clip: initial; background-position: initial; background-repeat: initial;">matemática</a>&nbsp;y la&nbsp;<a href="http://es.wikipedia.org/wiki/Biolog%C3%ADa" title="Biología" style="color: rgb(11, 0, 128); background-image: none; background-attachment: initial; background-size: initial; background-origin: initial; background-clip: initial; background-position: initial; background-repeat: initial;">biología</a>, pero durante la&nbsp;<a href="http://es.wikipedia.org/wiki/Revoluci%C3%B3n_cient%C3%ADfica" title="Revolución científica" style="color: rgb(11, 0, 128); background-image: none; background-attachment: initial; background-size: initial; background-origin: initial; background-clip: initial; background-position: initial; background-repeat: initial;">Revolución Científica</a>&nbsp;en el&nbsp;<a href="http://es.wikipedia.org/wiki/Siglo_XVII" title="Siglo XVII" style="color: rgb(11, 0, 128); background-image: none; background-attachment: initial; background-size: initial; background-origin: initial; background-clip: initial; background-position: initial; background-repeat: initial;">siglo XVII</a>&nbsp;surgió para convertirse en una ciencia moderna, única por derecho propio. Sin embargo, en algunas esferas como la física matemática y la&nbsp;<a href="http://es.wikipedia.org/wiki/Qu%C3%ADmica_cu%C3%A1ntica" title="Química cuántica" style="color: rgb(11, 0, 128); background-image: none; background-attachment: initial; background-size: initial; background-origin: initial; background-clip: initial; background-position: initial; background-repeat: initial;">química cuántica</a>, los límites de la física siguen siendo difíciles de distinguir.</p><p style="margin-top: 0.5em; margin-bottom: 0.5em; line-height: 22.3999996185303px; color: rgb(37, 37, 37); font-family: sans-serif; font-size: 14px;">El área se orienta al desarrollo de competencias de una cultura científica, para comprender nuestro mundo físico, viviente y lograr actuar en él tomando en cuenta su proceso cognitivo, su protagonismo en el saber y hacer científico y tecnológico, como el conocer, teorizar, sistematizar y evaluar sus actos dentro de la sociedad. De esta manera, contribuimos a la conservación y preservación de los recursos, mediante la toma de conciencia y una participación efectiva y sostenida.</p><p style="margin-top: 0.5em; margin-bottom: 0.5em; line-height: 22.3999996185303px; color: rgb(37, 37, 37); font-family: sans-serif; font-size: 14px;">La física es significativa e influyente, no sólo debido a que los avances en la comprensión a menudo se han traducido en nuevas tecnologías, sino también a que las nuevas ideas en la física resuenan con las demás ciencias, las matemáticas y la filosofía.</p><p style="margin-top: 0.5em; margin-bottom: 0.5em; line-height: 22.3999996185303px; color: rgb(37, 37, 37); font-family: sans-serif; font-size: 14px;">La física no es sólo una&nbsp;<a href="http://es.wikipedia.org/wiki/Ciencia" title="Ciencia" style="color: rgb(11, 0, 128); background-image: none; background-attachment: initial; background-size: initial; background-origin: initial; background-clip: initial; background-position: initial; background-repeat: initial;">ciencia</a>&nbsp;teórica; es también una ciencia&nbsp;<a href="http://es.wikipedia.org/wiki/Experimento" title="Experimento" style="color: rgb(11, 0, 128); background-image: none; background-attachment: initial; background-size: initial; background-origin: initial; background-clip: initial; background-position: initial; background-repeat: initial;">experimental</a>. Como toda ciencia, busca que sus conclusiones puedan ser verificables mediante experimentos y que la teoría pueda realizar predicciones de experimentos futuros. Dada la amplitud del campo de estudio de la física, así como su desarrollo histórico con relación a otras ciencias, se la puede considerar la ciencia fundamental o central, ya que incluye dentro de su campo de estudio a la&nbsp;<a href="http://es.wikipedia.org/wiki/Qu%C3%ADmica" title="Química" style="color: rgb(11, 0, 128); background-image: none; background-attachment: initial; background-size: initial; background-origin: initial; background-clip: initial; background-position: initial; background-repeat: initial;">química</a>, la<a href="http://es.wikipedia.org/wiki/Biolog%C3%ADa" title="Biología" style="color: rgb(11, 0, 128); background-image: none; background-attachment: initial; background-size: initial; background-origin: initial; background-clip: initial; background-position: initial; background-repeat: initial;">biología</a>&nbsp;y la&nbsp;<a href="http://es.wikipedia.org/wiki/Electr%C3%B3nica" title="Electrónica" style="color: rgb(11, 0, 128); background-image: none; background-attachment: initial; background-size: initial; background-origin: initial; background-clip: initial; background-position: initial; background-repeat: initial;">electrónica</a>, además de explicar sus fenómenos.</p><p style="margin-top: 0.5em; margin-bottom: 0.5em; line-height: 22.3999996185303px; color: rgb(37, 37, 37); font-family: sans-serif; font-size: 14px;">La física, en su intento de describir los fenómenos naturales con exactitud y veracidad, ha llegado a límites impensables: el conocimiento actual abarca la descripción de<a href="http://es.wikipedia.org/wiki/Part%C3%ADculas_elementales" title="Partículas elementales" class="mw-redirect" style="color: rgb(11, 0, 128); background-image: none; background-attachment: initial; background-size: initial; background-origin: initial; background-clip: initial; background-position: initial; background-repeat: initial;">partículas fundamentales</a>&nbsp;microscópicas, el&nbsp;<a href="http://es.wikipedia.org/wiki/Cosmolog%C3%ADa" title="Cosmología" style="color: rgb(11, 0, 128); background-image: none; background-attachment: initial; background-size: initial; background-origin: initial; background-clip: initial; background-position: initial; background-repeat: initial;">nacimiento de las estrellas</a>&nbsp;en el&nbsp;<a href="http://es.wikipedia.org/wiki/Universo" title="Universo" style="color: rgb(11, 0, 128); background-image: none; background-attachment: initial; background-size: initial; background-origin: initial; background-clip: initial; background-position: initial; background-repeat: initial;">universo</a>&nbsp;e incluso conocer con una gran probabilidad lo que aconteció en los primeros instantes del<a href="http://es.wikipedia.org/wiki/Origen_del_universo" title="Origen del universo" class="mw-redirect" style="color: rgb(11, 0, 128); background-image: none; background-attachment: initial; background-size: initial; background-origin: initial; background-clip: initial; background-position: initial; background-repeat: initial;">nacimiento de nuestro universo</a>, por citar unos pocos campos.</p><p style="margin-top: 0.5em; margin-bottom: 0.5em; line-height: 22.3999996185303px; color: rgb(37, 37, 37); font-family: sans-serif; font-size: 14px;">Esta tarea comenzó hace más de dos mil años con los primeros trabajos de&nbsp;<a href="http://es.wikipedia.org/wiki/Filosof%C3%ADa" title="Filosofía" style="color: rgb(11, 0, 128); background-image: none; background-attachment: initial; background-size: initial; background-origin: initial; background-clip: initial; background-position: initial; background-repeat: initial;">filósofos</a>&nbsp;griegos como&nbsp;<a href="http://es.wikipedia.org/wiki/Dem%C3%B3crito" title="Demócrito" style="color: rgb(11, 0, 128); background-image: none; background-attachment: initial; background-size: initial; background-origin: initial; background-clip: initial; background-position: initial; background-repeat: initial;">Demócrito</a>,&nbsp;<a href="http://es.wikipedia.org/wiki/Erat%C3%B3stenes" title="Eratóstenes" style="color: rgb(11, 0, 128); background-image: none; background-attachment: initial; background-size: initial; background-origin: initial; background-clip: initial; background-position: initial; background-repeat: initial;">Eratóstenes</a>,&nbsp;<a href="http://es.wikipedia.org/wiki/Aristarco_de_Samos" title="Aristarco de Samos" style="color: rgb(11, 0, 128); background-image: none; background-attachment: initial; background-size: initial; background-origin: initial; background-clip: initial; background-position: initial; background-repeat: initial;">Aristarco</a>,&nbsp;<a href="http://es.wikipedia.org/wiki/Epicuro" title="Epicuro" style="color: rgb(11, 0, 128); background-image: none; background-attachment: initial; background-size: initial; background-origin: initial; background-clip: initial; background-position: initial; background-repeat: initial;">Epicuro</a>&nbsp;o&nbsp;<a href="http://es.wikipedia.org/wiki/Arist%C3%B3teles" title="Aristóteles" style="color: rgb(11, 0, 128); background-image: none; background-attachment: initial; background-size: initial; background-origin: initial; background-clip: initial; background-position: initial; background-repeat: initial;">Aristóteles</a>, y fue continuada después por&nbsp;<a href="http://es.wikipedia.org/wiki/Cient%C3%ADfico" title="Científico" style="color: rgb(11, 0, 128); background-image: none; background-attachment: initial; background-size: initial; background-origin: initial; background-clip: initial; background-position: initial; background-repeat: initial;">científicos</a>&nbsp;como&nbsp;<a href="http://es.wikipedia.org/wiki/Galileo_Galilei" title="Galileo Galilei" style="color: rgb(11, 0, 128); background-image: none; background-attachment: initial; background-size: initial; background-origin: initial; background-clip: initial; background-position: initial; background-repeat: initial;">Galileo Galilei</a>,&nbsp;<a href="http://es.wikipedia.org/wiki/Isaac_Newton" title="Isaac Newton" style="color: rgb(11, 0, 128); background-image: none; background-attachment: initial; background-size: initial; background-origin: initial; background-clip: initial; background-position: initial; background-repeat: initial;">Isaac Newton</a>,&nbsp;<a href="http://es.wikipedia.org/wiki/Leonhard_Euler" title="Leonhard Euler" style="color: rgb(11, 0, 128); background-image: none; background-attachment: initial; background-size: initial; background-origin: initial; background-clip: initial; background-position: initial; background-repeat: initial;">Leonhard Euler</a>,&nbsp;<a href="http://es.wikipedia.org/wiki/Joseph-Louis_de_Lagrange" title="Joseph-Louis de Lagrange" style="color: rgb(11, 0, 128); background-image: none; background-attachment: initial; background-size: initial; background-origin: initial; background-clip: initial; background-position: initial; background-repeat: initial;">Joseph-Louis de Lagrange</a>,&nbsp;<a href="http://es.wikipedia.org/wiki/Michael_Faraday" title="Michael Faraday" style="color: rgb(11, 0, 128); background-image: none; background-attachment: initial; background-size: initial; background-origin: initial; background-clip: initial; background-position: initial; background-repeat: initial;">Michael Faraday</a>,&nbsp;<a href="http://es.wikipedia.org/wiki/William_Rowan_Hamilton" title="William Rowan Hamilton" style="color: rgb(11, 0, 128); background-image: none; background-attachment: initial; background-size: initial; background-origin: initial; background-clip: initial; background-position: initial; background-repeat: initial;">William Rowan Hamilton</a>,&nbsp;<a href="http://es.wikipedia.org/wiki/Rudolf_Clausius" title="Rudolf Clausius" style="color: rgb(11, 0, 128); background-image: none; background-attachment: initial; background-size: initial; background-origin: initial; background-clip: initial; background-position: initial; background-repeat: initial;">Rudolf Clausius</a>,&nbsp;<a href="http://es.wikipedia.org/wiki/James_Clerk_Maxwell" title="James Clerk Maxwell" style="color: rgb(11, 0, 128); background-image: none; background-attachment: initial; background-size: initial; background-origin: initial; background-clip: initial; background-position: initial; background-repeat: initial;">James Clerk Maxwell</a>,&nbsp;<a href="http://es.wikipedia.org/wiki/Hendrik_Antoon_Lorentz" title="Hendrik Antoon Lorentz" style="color: rgb(11, 0, 128); background-image: none; background-attachment: initial; background-size: initial; background-origin: initial; background-clip: initial; background-position: initial; background-repeat: initial;">Hendrik Antoon Lorentz</a>,&nbsp;<a href="http://es.wikipedia.org/wiki/Albert_Einstein" title="Albert Einstein" style="color: rgb(11, 0, 128); background-image: none; background-attachment: initial; background-size: initial; background-origin: initial; background-clip: initial; background-position: initial; background-repeat: initial;">Albert Einstein</a>,&nbsp;<a href="http://es.wikipedia.org/wiki/Niels_Bohr" title="Niels Bohr" style="color: rgb(11, 0, 128); background-image: none; background-attachment: initial; background-size: initial; background-origin: initial; background-clip: initial; background-position: initial; background-repeat: initial;">Niels Bohr</a>,&nbsp;<a href="http://es.wikipedia.org/wiki/Max_Planck" title="Max Planck" style="color: rgb(11, 0, 128); background-image: none; background-attachment: initial; background-size: initial; background-origin: initial; background-clip: initial; background-position: initial; background-repeat: initial;">Max Planck</a>,&nbsp;<a href="http://es.wikipedia.org/wiki/Werner_Heisenberg" title="Werner Heisenberg" style="color: rgb(11, 0, 128); background-image: none; background-attachment: initial; background-size: initial; background-origin: initial; background-clip: initial; background-position: initial; background-repeat: initial;">Werner Heisenberg</a>,&nbsp;<a href="http://es.wikipedia.org/wiki/Paul_Dirac" title="Paul Dirac" style="color: rgb(11, 0, 128); background-image: none; background-attachment: initial; background-size: initial; background-origin: initial; background-clip: initial; background-position: initial; background-repeat: initial;">Paul Dirac</a>,&nbsp;<a href="http://es.wikipedia.org/wiki/Richard_Feynman" title="Richard Feynman" style="color: rgb(11, 0, 128); background-image: none; background-attachment: initial; background-size: initial; background-origin: initial; background-clip: initial; background-position: initial; background-repeat: initial;">Richard Feynman</a>&nbsp;y&nbsp;<a href="http://es.wikipedia.org/wiki/Stephen_Hawking" title="Stephen Hawking" style="color: rgb(11, 0, 128); background-image: none; background-attachment: initial; background-size: initial; background-origin: initial; background-clip: initial; background-position: initial; background-repeat: initial;">Stephen Hawking</a>, entre muchos otros.</p>											', '', '', '', 'inactive', '2015-04-15 07:56:15', '2015-04-15 07:57:57', '2015-04-15 07:57:57'),
(5, 4, 'fisica-i', 'Física I', '<p style="margin-top: 0.5em; margin-bottom: 0.5em; line-height: 22.3999996185303px; color: rgb(37, 37, 37); font-family: sans-serif; font-size: 14px;">La&nbsp;<b>física</b>&nbsp;(del&nbsp;<a href="http://es.wikipedia.org/wiki/Lat%C3%ADn" title="Latín" style="color: rgb(11, 0, 128); background-image: none; background-attachment: initial; background-size: initial; background-origin: initial; background-clip: initial; background-position: initial; background-repeat: initial;">lat.</a>&nbsp;<i>physica</i>, y este del&nbsp;<a href="http://es.wikipedia.org/wiki/Griego_antiguo" title="Griego antiguo" style="color: rgb(11, 0, 128); background-image: none; background-attachment: initial; background-size: initial; background-origin: initial; background-clip: initial; background-position: initial; background-repeat: initial;">gr.</a>&nbsp;<i>τὰ φυσικά</i>, neutro plural de&nbsp;<i>φυσικός</i>, "naturaleza") es la&nbsp;<a href="http://es.wikipedia.org/wiki/Ciencia" title="Ciencia" style="color: rgb(11, 0, 128); background-image: none; background-attachment: initial; background-size: initial; background-origin: initial; background-clip: initial; background-position: initial; background-repeat: initial;">ciencia</a>&nbsp;<a href="http://es.wikipedia.org/wiki/Ciencias_naturales" title="Ciencias naturales" style="color: rgb(11, 0, 128); background-image: none; background-attachment: initial; background-size: initial; background-origin: initial; background-clip: initial; background-position: initial; background-repeat: initial;">natural</a>&nbsp;que estudia las propiedades y el comportamiento de la&nbsp;<a href="http://es.wikipedia.org/wiki/Energ%C3%ADa" title="Energía" style="color: rgb(11, 0, 128); background-image: none; background-attachment: initial; background-size: initial; background-origin: initial; background-clip: initial; background-position: initial; background-repeat: initial;">energía</a>&nbsp;y la&nbsp;<a href="http://es.wikipedia.org/wiki/Materia" title="Materia" style="color: rgb(11, 0, 128); background-image: none; background-attachment: initial; background-size: initial; background-origin: initial; background-clip: initial; background-position: initial; background-repeat: initial;">materia</a>&nbsp;(como también cualquier cambio en ella que no altere la naturaleza de la misma), así como al&nbsp;<a href="http://es.wikipedia.org/wiki/Tiempo" title="Tiempo" style="color: rgb(11, 0, 128); background-image: none; background-attachment: initial; background-size: initial; background-origin: initial; background-clip: initial; background-position: initial; background-repeat: initial;">tiempo</a>, el&nbsp;<a href="http://es.wikipedia.org/wiki/Espacio_(f%C3%ADsica)" title="Espacio (física)" style="color: rgb(11, 0, 128); background-image: none; background-attachment: initial; background-size: initial; background-origin: initial; background-clip: initial; background-position: initial; background-repeat: initial;">espacio</a>&nbsp;y las&nbsp;<a href="http://es.wikipedia.org/wiki/Interacciones_fundamentales" title="Interacciones fundamentales" style="color: rgb(11, 0, 128); background-image: none; background-attachment: initial; background-size: initial; background-origin: initial; background-clip: initial; background-position: initial; background-repeat: initial;">interacciones</a>&nbsp;de estos cuatro conceptos entre sí.</p><p style="margin-top: 0.5em; margin-bottom: 0.5em; line-height: 22.3999996185303px; color: rgb(37, 37, 37); font-family: sans-serif; font-size: 14px;">La física es una de las más antiguas disciplinas académicas, tal vez la más antigua, ya que la&nbsp;<a href="http://es.wikipedia.org/wiki/Astronom%C3%ADa" title="Astronomía" style="color: rgb(11, 0, 128); background-image: none; background-attachment: initial; background-size: initial; background-origin: initial; background-clip: initial; background-position: initial; background-repeat: initial;">astronomía</a>&nbsp;es una de sus disciplinas. En los últimos dos milenios, la física fue considerada dentro de lo que ahora llamamos&nbsp;<a href="http://es.wikipedia.org/wiki/Filosof%C3%ADa" title="Filosofía" style="color: rgb(11, 0, 128); background-image: none; background-attachment: initial; background-size: initial; background-origin: initial; background-clip: initial; background-position: initial; background-repeat: initial;">filosofía</a>,&nbsp;<a href="http://es.wikipedia.org/wiki/Qu%C3%ADmica" title="Química" style="color: rgb(11, 0, 128); background-image: none; background-attachment: initial; background-size: initial; background-origin: initial; background-clip: initial; background-position: initial; background-repeat: initial;">química</a>, y ciertas ramas de la<a href="http://es.wikipedia.org/wiki/Matem%C3%A1ticas" title="Matemáticas" style="color: rgb(11, 0, 128); background-image: none; background-attachment: initial; background-size: initial; background-origin: initial; background-clip: initial; background-position: initial; background-repeat: initial;">matemática</a>&nbsp;y la&nbsp;<a href="http://es.wikipedia.org/wiki/Biolog%C3%ADa" title="Biología" style="color: rgb(11, 0, 128); background-image: none; background-attachment: initial; background-size: initial; background-origin: initial; background-clip: initial; background-position: initial; background-repeat: initial;">biología</a>, pero durante la&nbsp;<a href="http://es.wikipedia.org/wiki/Revoluci%C3%B3n_cient%C3%ADfica" title="Revolución científica" style="color: rgb(11, 0, 128); background-image: none; background-attachment: initial; background-size: initial; background-origin: initial; background-clip: initial; background-position: initial; background-repeat: initial;">Revolución Científica</a>&nbsp;en el&nbsp;<a href="http://es.wikipedia.org/wiki/Siglo_XVII" title="Siglo XVII" style="color: rgb(11, 0, 128); background-image: none; background-attachment: initial; background-size: initial; background-origin: initial; background-clip: initial; background-position: initial; background-repeat: initial;">siglo XVII</a>&nbsp;surgió para convertirse en una ciencia moderna, única por derecho propio. Sin embargo, en algunas esferas como la física matemática y la&nbsp;<a href="http://es.wikipedia.org/wiki/Qu%C3%ADmica_cu%C3%A1ntica" title="Química cuántica" style="color: rgb(11, 0, 128); background-image: none; background-attachment: initial; background-size: initial; background-origin: initial; background-clip: initial; background-position: initial; background-repeat: initial;">química cuántica</a>, los límites de la física siguen siendo difíciles de distinguir.</p><p style="margin-top: 0.5em; margin-bottom: 0.5em; line-height: 22.3999996185303px; color: rgb(37, 37, 37); font-family: sans-serif; font-size: 14px;">El área se orienta al desarrollo de competencias de una cultura científica, para comprender nuestro mundo físico, viviente y lograr actuar en él tomando en cuenta su proceso cognitivo, su protagonismo en el saber y hacer científico y tecnológico, como el conocer, teorizar, sistematizar y evaluar sus actos dentro de la sociedad. De esta manera, contribuimos a la conservación y preservación de los recursos, mediante la toma de conciencia y una participación efectiva y sostenida.</p><p style="margin-top: 0.5em; margin-bottom: 0.5em; line-height: 22.3999996185303px; color: rgb(37, 37, 37); font-family: sans-serif; font-size: 14px;">La física es significativa e influyente, no sólo debido a que los avances en la comprensión a menudo se han traducido en nuevas tecnologías, sino también a que las nuevas ideas en la física resuenan con las demás ciencias, las matemáticas y la filosofía.</p><p style="margin-top: 0.5em; margin-bottom: 0.5em; line-height: 22.3999996185303px; color: rgb(37, 37, 37); font-family: sans-serif; font-size: 14px;">La física no es sólo una&nbsp;<a href="http://es.wikipedia.org/wiki/Ciencia" title="Ciencia" style="color: rgb(11, 0, 128); background-image: none; background-attachment: initial; background-size: initial; background-origin: initial; background-clip: initial; background-position: initial; background-repeat: initial;">ciencia</a>&nbsp;teórica; es también una ciencia&nbsp;<a href="http://es.wikipedia.org/wiki/Experimento" title="Experimento" style="color: rgb(11, 0, 128); background-image: none; background-attachment: initial; background-size: initial; background-origin: initial; background-clip: initial; background-position: initial; background-repeat: initial;">experimental</a>. Como toda ciencia, busca que sus conclusiones puedan ser verificables mediante experimentos y que la teoría pueda realizar predicciones de experimentos futuros. Dada la amplitud del campo de estudio de la física, así como su desarrollo histórico con relación a otras ciencias, se la puede considerar la ciencia fundamental o central, ya que incluye dentro de su campo de estudio a la&nbsp;<a href="http://es.wikipedia.org/wiki/Qu%C3%ADmica" title="Química" style="color: rgb(11, 0, 128); background-image: none; background-attachment: initial; background-size: initial; background-origin: initial; background-clip: initial; background-position: initial; background-repeat: initial;">química</a>, la<a href="http://es.wikipedia.org/wiki/Biolog%C3%ADa" title="Biología" style="color: rgb(11, 0, 128); background-image: none; background-attachment: initial; background-size: initial; background-origin: initial; background-clip: initial; background-position: initial; background-repeat: initial;">biología</a>&nbsp;y la&nbsp;<a href="http://es.wikipedia.org/wiki/Electr%C3%B3nica" title="Electrónica" style="color: rgb(11, 0, 128); background-image: none; background-attachment: initial; background-size: initial; background-origin: initial; background-clip: initial; background-position: initial; background-repeat: initial;">electrónica</a>, además de explicar sus fenómenos.</p><p style="margin-top: 0.5em; margin-bottom: 0.5em; line-height: 22.3999996185303px; color: rgb(37, 37, 37); font-family: sans-serif; font-size: 14px;">La física, en su intento de describir los fenómenos naturales con exactitud y veracidad, ha llegado a límites impensables: el conocimiento actual abarca la descripción de<a href="http://es.wikipedia.org/wiki/Part%C3%ADculas_elementales" title="Partículas elementales" class="mw-redirect" style="color: rgb(11, 0, 128); background-image: none; background-attachment: initial; background-size: initial; background-origin: initial; background-clip: initial; background-position: initial; background-repeat: initial;">partículas fundamentales</a>&nbsp;microscópicas, el&nbsp;<a href="http://es.wikipedia.org/wiki/Cosmolog%C3%ADa" title="Cosmología" style="color: rgb(11, 0, 128); background-image: none; background-attachment: initial; background-size: initial; background-origin: initial; background-clip: initial; background-position: initial; background-repeat: initial;">nacimiento de las estrellas</a>&nbsp;en el&nbsp;<a href="http://es.wikipedia.org/wiki/Universo" title="Universo" style="color: rgb(11, 0, 128); background-image: none; background-attachment: initial; background-size: initial; background-origin: initial; background-clip: initial; background-position: initial; background-repeat: initial;">universo</a>&nbsp;e incluso conocer con una gran probabilidad lo que aconteció en los primeros instantes del<a href="http://es.wikipedia.org/wiki/Origen_del_universo" title="Origen del universo" class="mw-redirect" style="color: rgb(11, 0, 128); background-image: none; background-attachment: initial; background-size: initial; background-origin: initial; background-clip: initial; background-position: initial; background-repeat: initial;">nacimiento de nuestro universo</a>, por citar unos pocos campos.</p><p style="margin-top: 0.5em; margin-bottom: 0.5em; line-height: 22.3999996185303px; color: rgb(37, 37, 37); font-family: sans-serif; font-size: 14px;">Esta tarea comenzó hace más de dos mil años con los primeros trabajos de&nbsp;<a href="http://es.wikipedia.org/wiki/Filosof%C3%ADa" title="Filosofía" style="color: rgb(11, 0, 128); background-image: none; background-attachment: initial; background-size: initial; background-origin: initial; background-clip: initial; background-position: initial; background-repeat: initial;">filósofos</a>&nbsp;griegos como&nbsp;<a href="http://es.wikipedia.org/wiki/Dem%C3%B3crito" title="Demócrito" style="color: rgb(11, 0, 128); background-image: none; background-attachment: initial; background-size: initial; background-origin: initial; background-clip: initial; background-position: initial; background-repeat: initial;">Demócrito</a>,&nbsp;<a href="http://es.wikipedia.org/wiki/Erat%C3%B3stenes" title="Eratóstenes" style="color: rgb(11, 0, 128); background-image: none; background-attachment: initial; background-size: initial; background-origin: initial; background-clip: initial; background-position: initial; background-repeat: initial;">Eratóstenes</a>,&nbsp;<a href="http://es.wikipedia.org/wiki/Aristarco_de_Samos" title="Aristarco de Samos" style="color: rgb(11, 0, 128); background-image: none; background-attachment: initial; background-size: initial; background-origin: initial; background-clip: initial; background-position: initial; background-repeat: initial;">Aristarco</a>,&nbsp;<a href="http://es.wikipedia.org/wiki/Epicuro" title="Epicuro" style="color: rgb(11, 0, 128); background-image: none; background-attachment: initial; background-size: initial; background-origin: initial; background-clip: initial; background-position: initial; background-repeat: initial;">Epicuro</a>&nbsp;o&nbsp;<a href="http://es.wikipedia.org/wiki/Arist%C3%B3teles" title="Aristóteles" style="color: rgb(11, 0, 128); background-image: none; background-attachment: initial; background-size: initial; background-origin: initial; background-clip: initial; background-position: initial; background-repeat: initial;">Aristóteles</a>, y fue continuada después por&nbsp;<a href="http://es.wikipedia.org/wiki/Cient%C3%ADfico" title="Científico" style="color: rgb(11, 0, 128); background-image: none; background-attachment: initial; background-size: initial; background-origin: initial; background-clip: initial; background-position: initial; background-repeat: initial;">científicos</a>&nbsp;como&nbsp;<a href="http://es.wikipedia.org/wiki/Galileo_Galilei" title="Galileo Galilei" style="color: rgb(11, 0, 128); background-image: none; background-attachment: initial; background-size: initial; background-origin: initial; background-clip: initial; background-position: initial; background-repeat: initial;">Galileo Galilei</a>,&nbsp;<a href="http://es.wikipedia.org/wiki/Isaac_Newton" title="Isaac Newton" style="color: rgb(11, 0, 128); background-image: none; background-attachment: initial; background-size: initial; background-origin: initial; background-clip: initial; background-position: initial; background-repeat: initial;">Isaac Newton</a>,&nbsp;<a href="http://es.wikipedia.org/wiki/Leonhard_Euler" title="Leonhard Euler" style="color: rgb(11, 0, 128); background-image: none; background-attachment: initial; background-size: initial; background-origin: initial; background-clip: initial; background-position: initial; background-repeat: initial;">Leonhard Euler</a>,&nbsp;<a href="http://es.wikipedia.org/wiki/Joseph-Louis_de_Lagrange" title="Joseph-Louis de Lagrange" style="color: rgb(11, 0, 128); background-image: none; background-attachment: initial; background-size: initial; background-origin: initial; background-clip: initial; background-position: initial; background-repeat: initial;">Joseph-Louis de Lagrange</a>,&nbsp;<a href="http://es.wikipedia.org/wiki/Michael_Faraday" title="Michael Faraday" style="color: rgb(11, 0, 128); background-image: none; background-attachment: initial; background-size: initial; background-origin: initial; background-clip: initial; background-position: initial; background-repeat: initial;">Michael Faraday</a>,&nbsp;<a href="http://es.wikipedia.org/wiki/William_Rowan_Hamilton" title="William Rowan Hamilton" style="color: rgb(11, 0, 128); background-image: none; background-attachment: initial; background-size: initial; background-origin: initial; background-clip: initial; background-position: initial; background-repeat: initial;">William Rowan Hamilton</a>,&nbsp;<a href="http://es.wikipedia.org/wiki/Rudolf_Clausius" title="Rudolf Clausius" style="color: rgb(11, 0, 128); background-image: none; background-attachment: initial; background-size: initial; background-origin: initial; background-clip: initial; background-position: initial; background-repeat: initial;">Rudolf Clausius</a>,&nbsp;<a href="http://es.wikipedia.org/wiki/James_Clerk_Maxwell" title="James Clerk Maxwell" style="color: rgb(11, 0, 128); background-image: none; background-attachment: initial; background-size: initial; background-origin: initial; background-clip: initial; background-position: initial; background-repeat: initial;">James Clerk Maxwell</a>,&nbsp;<a href="http://es.wikipedia.org/wiki/Hendrik_Antoon_Lorentz" title="Hendrik Antoon Lorentz" style="color: rgb(11, 0, 128); background-image: none; background-attachment: initial; background-size: initial; background-origin: initial; background-clip: initial; background-position: initial; background-repeat: initial;">Hendrik Antoon Lorentz</a>,&nbsp;<a href="http://es.wikipedia.org/wiki/Albert_Einstein" title="Albert Einstein" style="color: rgb(11, 0, 128); background-image: none; background-attachment: initial; background-size: initial; background-origin: initial; background-clip: initial; background-position: initial; background-repeat: initial;">Albert Einstein</a>,&nbsp;<a href="http://es.wikipedia.org/wiki/Niels_Bohr" title="Niels Bohr" style="color: rgb(11, 0, 128); background-image: none; background-attachment: initial; background-size: initial; background-origin: initial; background-clip: initial; background-position: initial; background-repeat: initial;">Niels Bohr</a>,&nbsp;<a href="http://es.wikipedia.org/wiki/Max_Planck" title="Max Planck" style="color: rgb(11, 0, 128); background-image: none; background-attachment: initial; background-size: initial; background-origin: initial; background-clip: initial; background-position: initial; background-repeat: initial;">Max Planck</a>,&nbsp;<a href="http://es.wikipedia.org/wiki/Werner_Heisenberg" title="Werner Heisenberg" style="color: rgb(11, 0, 128); background-image: none; background-attachment: initial; background-size: initial; background-origin: initial; background-clip: initial; background-position: initial; background-repeat: initial;">Werner Heisenberg</a>,&nbsp;<a href="http://es.wikipedia.org/wiki/Paul_Dirac" title="Paul Dirac" style="color: rgb(11, 0, 128); background-image: none; background-attachment: initial; background-size: initial; background-origin: initial; background-clip: initial; background-position: initial; background-repeat: initial;">Paul Dirac</a>,&nbsp;<a href="http://es.wikipedia.org/wiki/Richard_Feynman" title="Richard Feynman" style="color: rgb(11, 0, 128); background-image: none; background-attachment: initial; background-size: initial; background-origin: initial; background-clip: initial; background-position: initial; background-repeat: initial;">Richard Feynman</a>&nbsp;y&nbsp;<a href="http://es.wikipedia.org/wiki/Stephen_Hawking" title="Stephen Hawking" style="color: rgb(11, 0, 128); background-image: none; background-attachment: initial; background-size: initial; background-origin: initial; background-clip: initial; background-position: initial; background-repeat: initial;">Stephen Hawking</a>, entre muchos otros.</p>											', '', '', '', 'inactive', '2015-04-15 07:58:24', '2015-04-16 04:19:23', '2015-04-16 04:19:23'),
(6, 4, 'calculo-numerico', 'Cálculo Numérico', '																																																											\r\n											\r\n											\r\n											\r\n											', '/uploads/courses/calculo-numerico/images/DAEDE148-8853-3A90-1DE9-8C2FBE9E35E9.Png', '/uploads/courses/calculo-numerico/images/08824F9B-6E93-32B9-7911-AFA1809C4E02.jpg', '/uploads/courses/calculo-numerico/images/F884B4F3-F9FB-4CA8-3627-4E743C1FD6E9.Png', 'inactive', '2015-04-16 02:05:09', '2015-04-16 04:19:08', '2015-04-16 04:19:08');
INSERT INTO `courses` (`id`, `author_id`, `name`, `title`, `description`, `main_picture`, `cover_picture`, `thumbnail_picture`, `status`, `created_at`, `updated_at`, `deleted_at`) VALUES
(7, 4, 'matematica-i', 'Matemática I', '<p style="margin-top: 0.5em; margin-bottom: 0.5em; line-height: 22.3999996185303px; color: rgb(37, 37, 37); font-family: sans-serif; font-size: 14px;">Las&nbsp;<span style="font-weight: bold;">matemáticas</span>&nbsp;o la&nbsp;<b>matemática</b><sup id="cite_ref-DRAE_1-0" class="reference" style="line-height: 1em; unicode-bidi: -webkit-isolate;"><a href="http://es.wikipedia.org/wiki/Matem%C3%A1ticas#cite_note-DRAE-1" style="color: rgb(11, 0, 128); white-space: nowrap; background-image: none; background-attachment: initial; background-size: initial; background-origin: initial; background-clip: initial; background-position: initial; background-repeat: initial;">1</a></sup>&nbsp;(del&nbsp;<a href="http://es.wikipedia.org/wiki/Lat%C3%ADn" title="Latín" style="color: rgb(11, 0, 128); background-image: none; background-attachment: initial; background-size: initial; background-origin: initial; background-clip: initial; background-position: initial; background-repeat: initial;">latín</a>&nbsp;<i>mathematĭca</i>, y este del&nbsp;<a href="http://es.wikipedia.org/wiki/Griego_antiguo" title="Griego antiguo" style="color: rgb(11, 0, 128); background-image: none; background-attachment: initial; background-size: initial; background-origin: initial; background-clip: initial; background-position: initial; background-repeat: initial;">griego</a>&nbsp;μαθηματικά, derivado de μάθημα, ‘<a href="http://es.wikipedia.org/wiki/Conocimiento" title="Conocimiento" style="color: rgb(11, 0, 128); background-image: none; background-attachment: initial; background-size: initial; background-origin: initial; background-clip: initial; background-position: initial; background-repeat: initial;">conocimiento</a>’) es una&nbsp;<a href="http://es.wikipedia.org/wiki/Ciencias_formales" title="Ciencias formales" style="color: rgb(11, 0, 128); background-image: none; background-attachment: initial; background-size: initial; background-origin: initial; background-clip: initial; background-position: initial; background-repeat: initial;">ciencia formal</a>&nbsp;que, partiendo de&nbsp;<a href="http://es.wikipedia.org/wiki/Axioma" title="Axioma" style="color: rgb(11, 0, 128); background-image: none; background-attachment: initial; background-size: initial; background-origin: initial; background-clip: initial; background-position: initial; background-repeat: initial;">axiomas</a>&nbsp;y siguiendo el razonamiento lógico, estudia las propiedades y relaciones entre entidades abstractas como&nbsp;<a href="http://es.wikipedia.org/wiki/N%C3%BAmero" title="Número" style="color: rgb(11, 0, 128); background-image: none; background-attachment: initial; background-size: initial; background-origin: initial; background-clip: initial; background-position: initial; background-repeat: initial;">números</a>,&nbsp;<a href="http://es.wikipedia.org/wiki/Figura_geom%C3%A9trica" title="Figura geométrica" style="color: rgb(11, 0, 128); background-image: none; background-attachment: initial; background-size: initial; background-origin: initial; background-clip: initial; background-position: initial; background-repeat: initial;">figuras geométricas</a>&nbsp;o&nbsp;<a href="http://es.wikipedia.org/wiki/S%C3%ADmbolo" title="Símbolo" style="color: rgb(11, 0, 128); background-image: none; background-attachment: initial; background-size: initial; background-origin: initial; background-clip: initial; background-position: initial; background-repeat: initial;">símbolos</a>.</p><p style="margin-top: 0.5em; margin-bottom: 0.5em; line-height: 22.3999996185303px; color: rgb(37, 37, 37); font-family: sans-serif; font-size: 14px;">Para explicar el mundo natural se usan las matemáticas, tal como lo expresó&nbsp;<a href="http://es.wikipedia.org/wiki/Eugene_Paul_Wigner" title="Eugene Paul Wigner" style="color: rgb(11, 0, 128); background-image: none; background-attachment: initial; background-size: initial; background-origin: initial; background-clip: initial; background-position: initial; background-repeat: initial;">Eugene Paul Wigner</a>&nbsp;(<a href="http://es.wikipedia.org/wiki/Anexo:Ganadores_del_Premio_Nobel_de_F%C3%ADsica" title="Anexo:Ganadores del Premio Nobel de Física" style="color: rgb(11, 0, 128); background-image: none; background-attachment: initial; background-size: initial; background-origin: initial; background-clip: initial; background-position: initial; background-repeat: initial;">Premio Nobel de física</a>&nbsp;en 1963):<sup id="cite_ref-2" class="reference" style="line-height: 1em; unicode-bidi: -webkit-isolate;"><a href="http://es.wikipedia.org/wiki/Matem%C3%A1ticas#cite_note-2" style="color: rgb(11, 0, 128); white-space: nowrap; background-image: none; background-attachment: initial; background-size: initial; background-origin: initial; background-clip: initial; background-position: initial; background-repeat: initial;">2</a></sup></p><blockquote class="citado" style="font-size: 12.6000003814697px; padding: 5px 10px; color: rgb(37, 37, 37); font-family: sans-serif; margin: 1em 4em; background-color: rgb(249, 249, 249);"><p style="margin-top: 0.5em; margin-bottom: 0.5em; line-height: inherit;">La enorme utilidad de las matemáticas en las ciencias naturales es algo que roza lo misterioso, y no hay explicación para ello. No es en absoluto natural que existan “leyes de la naturaleza”, y mucho menos que el hombre sea capaz de descubrirlas. El milagro de lo apropiado que resulta el lenguaje de las matemáticas para la formulación de las leyes de la física es un regalo maravilloso que no comprendemos ni nos merecemos.</p></blockquote><p style="margin-top: 0.5em; margin-bottom: 0.5em; line-height: 22.3999996185303px; color: rgb(37, 37, 37); font-family: sans-serif; font-size: 14px;">Mediante la abstracción y el uso de la&nbsp;<a href="http://es.wikipedia.org/wiki/L%C3%B3gica" title="Lógica" style="color: rgb(11, 0, 128); background-image: none; background-attachment: initial; background-size: initial; background-origin: initial; background-clip: initial; background-position: initial; background-repeat: initial;">lógica</a>&nbsp;en el&nbsp;<a href="http://es.wikipedia.org/wiki/Razonamiento" title="Razonamiento" style="color: rgb(11, 0, 128); background-image: none; background-attachment: initial; background-size: initial; background-origin: initial; background-clip: initial; background-position: initial; background-repeat: initial;">razonamiento</a>, las matemáticas han evolucionado basándose en las&nbsp;<a href="http://es.wikipedia.org/wiki/Cuenta_(matem%C3%A1ticas)" title="Cuenta (matemáticas)" style="color: rgb(11, 0, 128); background-image: none; background-attachment: initial; background-size: initial; background-origin: initial; background-clip: initial; background-position: initial; background-repeat: initial;">cuentas</a>, el&nbsp;<a href="http://es.wikipedia.org/wiki/C%C3%A1lculo" title="Cálculo" style="color: rgb(11, 0, 128); background-image: none; background-attachment: initial; background-size: initial; background-origin: initial; background-clip: initial; background-position: initial; background-repeat: initial;">cálculo</a>&nbsp;y las&nbsp;<a href="http://es.wikipedia.org/wiki/Medici%C3%B3n" title="Medición" style="color: rgb(11, 0, 128); background-image: none; background-attachment: initial; background-size: initial; background-origin: initial; background-clip: initial; background-position: initial; background-repeat: initial;">mediciones</a>, junto con el estudio sistemático de la&nbsp;<a href="http://es.wikipedia.org/wiki/Forma_(figura)" title="Forma (figura)" style="color: rgb(11, 0, 128); background-image: none; background-attachment: initial; background-size: initial; background-origin: initial; background-clip: initial; background-position: initial; background-repeat: initial;">forma</a>&nbsp;y el&nbsp;<a href="http://es.wikipedia.org/wiki/Movimiento_(f%C3%ADsica)" title="Movimiento (física)" style="color: rgb(11, 0, 128); background-image: none; background-attachment: initial; background-size: initial; background-origin: initial; background-clip: initial; background-position: initial; background-repeat: initial;">movimiento</a>&nbsp;de los objetos físicos. Las matemáticas, desde sus comienzos, han tenido un fin práctico.</p><p style="margin-top: 0.5em; margin-bottom: 0.5em; line-height: 22.3999996185303px; color: rgb(37, 37, 37); font-family: sans-serif; font-size: 14px;">Las explicaciones que se apoyaban en la lógica aparecieron por primera vez con la&nbsp;<a href="http://es.wikipedia.org/wiki/Matem%C3%A1tica_hel%C3%A9nica" title="Matemática helénica" style="color: rgb(11, 0, 128); background-image: none; background-attachment: initial; background-size: initial; background-origin: initial; background-clip: initial; background-position: initial; background-repeat: initial;">matemática helénica</a>, especialmente con los&nbsp;<i><a href="http://es.wikipedia.org/wiki/Elementos_de_Euclides" title="Elementos de Euclides" style="color: rgb(11, 0, 128); background-image: none; background-attachment: initial; background-size: initial; background-origin: initial; background-clip: initial; background-position: initial; background-repeat: initial;">Elementos</a></i>&nbsp;de&nbsp;<a href="http://es.wikipedia.org/wiki/Euclides" title="Euclides" style="color: rgb(11, 0, 128); background-image: none; background-attachment: initial; background-size: initial; background-origin: initial; background-clip: initial; background-position: initial; background-repeat: initial;">Euclides</a>. Las matemáticas siguieron desarrollándose, con continuas interrupciones, hasta que en el&nbsp;<a href="http://es.wikipedia.org/wiki/Renacimiento" title="Renacimiento" style="color: rgb(11, 0, 128); background-image: none; background-attachment: initial; background-size: initial; background-origin: initial; background-clip: initial; background-position: initial; background-repeat: initial;">Renacimiento</a>&nbsp;las innovaciones matemáticas interactuaron con los nuevos descubrimientos científicos. Como consecuencia, hubo una aceleración en la investigación que continúa hasta la actualidad.</p><p style="margin-top: 0.5em; margin-bottom: 0.5em; line-height: 22.3999996185303px; color: rgb(37, 37, 37); font-family: sans-serif; font-size: 14px;">Hoy en día, las matemáticas se usan en todo el mundo como una herramienta esencial en muchos campos, entre los que se encuentran las&nbsp;<a href="http://es.wikipedia.org/wiki/Ciencias_naturales" title="Ciencias naturales" style="color: rgb(11, 0, 128); background-image: none; background-attachment: initial; background-size: initial; background-origin: initial; background-clip: initial; background-position: initial; background-repeat: initial;">ciencias naturales</a>, la&nbsp;<a href="http://es.wikipedia.org/wiki/Ingenier%C3%ADa" title="Ingeniería" style="color: rgb(11, 0, 128); background-image: none; background-attachment: initial; background-size: initial; background-origin: initial; background-clip: initial; background-position: initial; background-repeat: initial;">ingeniería</a>, la&nbsp;<a href="http://es.wikipedia.org/wiki/Medicina" title="Medicina" style="color: rgb(11, 0, 128); background-image: none; background-attachment: initial; background-size: initial; background-origin: initial; background-clip: initial; background-position: initial; background-repeat: initial;">medicina</a>&nbsp;y las&nbsp;<a href="http://es.wikipedia.org/wiki/Ciencias_sociales" title="Ciencias sociales" style="color: rgb(11, 0, 128); background-image: none; background-attachment: initial; background-size: initial; background-origin: initial; background-clip: initial; background-position: initial; background-repeat: initial;">ciencias sociales</a>, e incluso disciplinas que, aparentemente, no están vinculadas con ella, como la&nbsp;<a href="http://es.wikipedia.org/wiki/M%C3%BAsica" title="Música" style="color: rgb(11, 0, 128); background-image: none; background-attachment: initial; background-size: initial; background-origin: initial; background-clip: initial; background-position: initial; background-repeat: initial;">música</a>&nbsp;(por ejemplo, en cuestiones de resonancia armónica). Las&nbsp;<a href="http://es.wikipedia.org/wiki/Matem%C3%A1ticas_aplicadas" title="Matemáticas aplicadas" style="color: rgb(11, 0, 128); background-image: none; background-attachment: initial; background-size: initial; background-origin: initial; background-clip: initial; background-position: initial; background-repeat: initial;">matemáticas aplicadas</a>, rama de las matemáticas destinada a la aplicación de los conocimientos matemáticos a otros ámbitos, inspiran y hacen uso de los nuevos descubrimientos matemáticos y, en ocasiones, conducen al desarrollo de nuevas disciplinas. Los matemáticos también participan en las&nbsp;<a href="http://es.wikipedia.org/wiki/Matem%C3%A1ticas_puras" title="Matemáticas puras" style="color: rgb(11, 0, 128); background-image: none; background-attachment: initial; background-size: initial; background-origin: initial; background-clip: initial; background-position: initial; background-repeat: initial;">matemáticas puras</a>, sin tener en cuenta la aplicación de esta ciencia, aunque las aplicaciones prácticas de las matemáticas puras suelen ser descubiertas con el paso del tiempo.</p>											', '/uploads/courses/matematica-i/images/8A415DE4-4B51-F01C-EEC5-9C104F01FA85.png', '/uploads/courses/matematica-i/images/8BD020EA-0E9B-308D-5504-2986E95C33FB.jpg', '/uploads/courses/matematica-i/images/16D46B82-89FD-90AE-B238-5D213D4E0D74.png', 'active', '2015-04-16 05:03:15', '2015-04-16 05:03:24', NULL);

-- --------------------------------------------------------

--
-- Estructura de tabla para la tabla `course_achievements`
--

CREATE TABLE IF NOT EXISTS `course_achievements` (
  `id` int(10) unsigned NOT NULL AUTO_INCREMENT,
  `course_id` int(11) NOT NULL,
  `name` varchar(255) COLLATE utf8_unicode_ci NOT NULL,
  `title` varchar(255) COLLATE utf8_unicode_ci NOT NULL,
  `description` text COLLATE utf8_unicode_ci NOT NULL,
  `picture` varchar(255) COLLATE utf8_unicode_ci NOT NULL,
  `status` varchar(255) COLLATE utf8_unicode_ci NOT NULL,
  `created_at` timestamp NOT NULL DEFAULT '0000-00-00 00:00:00',
  `updated_at` timestamp NOT NULL DEFAULT '0000-00-00 00:00:00',
  `deleted_at` timestamp NULL DEFAULT NULL,
  PRIMARY KEY (`id`)
) ENGINE=InnoDB DEFAULT CHARSET=utf8 COLLATE=utf8_unicode_ci AUTO_INCREMENT=1 ;

-- --------------------------------------------------------

--
-- Estructura de tabla para la tabla `discussions`
--

CREATE TABLE IF NOT EXISTS `discussions` (
  `id` int(10) unsigned NOT NULL AUTO_INCREMENT,
  `user_id` int(11) NOT NULL,
  `discussionable_id` int(11) NOT NULL,
  `discussionable_type` varchar(255) COLLATE utf8_unicode_ci NOT NULL,
  `name` varchar(255) COLLATE utf8_unicode_ci NOT NULL,
  `title` varchar(255) COLLATE utf8_unicode_ci NOT NULL,
  `content` longtext COLLATE utf8_unicode_ci NOT NULL,
  `status` varchar(255) COLLATE utf8_unicode_ci NOT NULL,
  `created_at` timestamp NOT NULL DEFAULT '0000-00-00 00:00:00',
  `updated_at` timestamp NOT NULL DEFAULT '0000-00-00 00:00:00',
  `deleted_at` timestamp NULL DEFAULT NULL,
  PRIMARY KEY (`id`)
) ENGINE=InnoDB DEFAULT CHARSET=utf8 COLLATE=utf8_unicode_ci AUTO_INCREMENT=1 ;

-- --------------------------------------------------------

--
-- Estructura de tabla para la tabla `discussions_karma`
--

CREATE TABLE IF NOT EXISTS `discussions_karma` (
  `id` int(10) unsigned NOT NULL AUTO_INCREMENT,
  `user_id` int(11) NOT NULL,
  `discussion_id` int(11) NOT NULL,
  `status` varchar(255) COLLATE utf8_unicode_ci NOT NULL,
  `created_at` timestamp NOT NULL DEFAULT '0000-00-00 00:00:00',
  `updated_at` timestamp NOT NULL DEFAULT '0000-00-00 00:00:00',
  `deleted_at` timestamp NULL DEFAULT NULL,
  PRIMARY KEY (`id`)
) ENGINE=InnoDB DEFAULT CHARSET=utf8 COLLATE=utf8_unicode_ci AUTO_INCREMENT=1 ;

-- --------------------------------------------------------

--
-- Estructura de tabla para la tabla `evaluations`
--

CREATE TABLE IF NOT EXISTS `evaluations` (
  `id` int(10) unsigned NOT NULL AUTO_INCREMENT,
  `lesson_id` int(11) NOT NULL,
  `evaluation_id` int(11) NOT NULL,
  `model` varchar(255) COLLATE utf8_unicode_ci NOT NULL,
  `created_at` timestamp NOT NULL DEFAULT '0000-00-00 00:00:00',
  `updated_at` timestamp NOT NULL DEFAULT '0000-00-00 00:00:00',
  `deleted_at` timestamp NULL DEFAULT NULL,
  PRIMARY KEY (`id`)
) ENGINE=InnoDB DEFAULT CHARSET=utf8 COLLATE=utf8_unicode_ci AUTO_INCREMENT=1 ;

-- --------------------------------------------------------

--
-- Estructura de tabla para la tabla `follows`
--

CREATE TABLE IF NOT EXISTS `follows` (
  `id` int(10) unsigned NOT NULL AUTO_INCREMENT,
  `follower_id` int(11) NOT NULL,
  `followed_id` int(11) NOT NULL,
  `status` varchar(255) COLLATE utf8_unicode_ci NOT NULL,
  `created_at` timestamp NOT NULL DEFAULT '0000-00-00 00:00:00',
  `updated_at` timestamp NOT NULL DEFAULT '0000-00-00 00:00:00',
  `deleted_at` timestamp NULL DEFAULT NULL,
  PRIMARY KEY (`id`)
) ENGINE=InnoDB DEFAULT CHARSET=utf8 COLLATE=utf8_unicode_ci AUTO_INCREMENT=1 ;

-- --------------------------------------------------------

--
-- Estructura de tabla para la tabla `hangman_questions`
--

CREATE TABLE IF NOT EXISTS `hangman_questions` (
  `id` int(10) unsigned NOT NULL AUTO_INCREMENT,
  `evaluation_id` int(11) NOT NULL,
  `question` text COLLATE utf8_unicode_ci NOT NULL,
  `word` varchar(255) COLLATE utf8_unicode_ci NOT NULL,
  `seconds` int(11) NOT NULL,
  `created_at` timestamp NOT NULL DEFAULT '0000-00-00 00:00:00',
  `updated_at` timestamp NOT NULL DEFAULT '0000-00-00 00:00:00',
  `deleted_at` timestamp NULL DEFAULT NULL,
  PRIMARY KEY (`id`)
) ENGINE=InnoDB  DEFAULT CHARSET=utf8 COLLATE=utf8_unicode_ci AUTO_INCREMENT=4 ;

--
-- Volcado de datos para la tabla `hangman_questions`
--

INSERT INTO `hangman_questions` (`id`, `evaluation_id`, `question`, `word`, `seconds`, `created_at`, `updated_at`, `deleted_at`) VALUES
(1, 0, 'Se define como el proceso previo de configuración mental, "pre-figuración", en la búsqueda de una solución en cualquier campo', 'Diseño', 120, '2015-03-25 20:33:48', '2015-03-25 20:33:48', NULL),
(2, 0, 'Es la instalación de una aplicación informática, realización o la ejecución de un plan, idea, modelo científico, diseño, especificación, estándar, algoritmo o política', 'Implementación', 120, '2015-03-25 20:35:58', '2015-03-25 20:35:58', NULL),
(3, 0, 'Es la ciencia natural que estudia las propiedades y el comportamiento de la energía y la materia (como también cualquier cambio en ella que no altere la naturaleza de la misma), así como al tiempo, el espacio y las interacciones de estos cuatro conceptos entre sí', 'Física', 120, '2015-03-25 20:37:23', '2015-03-25 20:37:23', NULL);

-- --------------------------------------------------------

--
-- Estructura de tabla para la tabla `inscriptions`
--

CREATE TABLE IF NOT EXISTS `inscriptions` (
  `id` int(10) unsigned NOT NULL AUTO_INCREMENT,
  `user_id` int(11) NOT NULL,
  `course_id` int(11) NOT NULL,
  `status` varchar(255) COLLATE utf8_unicode_ci NOT NULL,
  `created_at` timestamp NOT NULL DEFAULT '0000-00-00 00:00:00',
  `updated_at` timestamp NOT NULL DEFAULT '0000-00-00 00:00:00',
  `deleted_at` timestamp NULL DEFAULT NULL,
  PRIMARY KEY (`id`)
) ENGINE=InnoDB DEFAULT CHARSET=utf8 COLLATE=utf8_unicode_ci AUTO_INCREMENT=1 ;

-- --------------------------------------------------------

--
-- Estructura de tabla para la tabla `lessons`
--

CREATE TABLE IF NOT EXISTS `lessons` (
  `id` int(10) unsigned NOT NULL AUTO_INCREMENT,
  `module_id` int(11) NOT NULL,
  `previous_id` int(11) NOT NULL,
  `name` varchar(255) COLLATE utf8_unicode_ci NOT NULL,
  `title` varchar(255) COLLATE utf8_unicode_ci NOT NULL,
  `approval_percentage` double(3,2) NOT NULL,
  `content` longtext COLLATE utf8_unicode_ci NOT NULL,
  `status` varchar(255) COLLATE utf8_unicode_ci NOT NULL,
  `created_at` timestamp NOT NULL DEFAULT '0000-00-00 00:00:00',
  `updated_at` timestamp NOT NULL DEFAULT '0000-00-00 00:00:00',
  `deleted_at` timestamp NULL DEFAULT NULL,
  PRIMARY KEY (`id`)
) ENGINE=InnoDB DEFAULT CHARSET=utf8 COLLATE=utf8_unicode_ci AUTO_INCREMENT=1 ;

-- --------------------------------------------------------

--
-- Estructura de tabla para la tabla `links`
--

CREATE TABLE IF NOT EXISTS `links` (
  `id` int(10) unsigned NOT NULL AUTO_INCREMENT,
  `lesson_id` int(11) NOT NULL,
  `title` varchar(255) COLLATE utf8_unicode_ci NOT NULL,
  `content` text COLLATE utf8_unicode_ci NOT NULL,
  `created_at` timestamp NOT NULL DEFAULT '0000-00-00 00:00:00',
  `updated_at` timestamp NOT NULL DEFAULT '0000-00-00 00:00:00',
  `deleted_at` timestamp NULL DEFAULT NULL,
  PRIMARY KEY (`id`)
) ENGINE=InnoDB DEFAULT CHARSET=utf8 COLLATE=utf8_unicode_ci AUTO_INCREMENT=1 ;

-- --------------------------------------------------------

--
-- Estructura de tabla para la tabla `memory_questions`
--

CREATE TABLE IF NOT EXISTS `memory_questions` (
  `id` int(10) unsigned NOT NULL AUTO_INCREMENT,
  `question` varchar(255) COLLATE utf8_unicode_ci NOT NULL,
  `answer` varchar(255) COLLATE utf8_unicode_ci NOT NULL,
  `created_at` timestamp NOT NULL DEFAULT '0000-00-00 00:00:00',
  `updated_at` timestamp NOT NULL DEFAULT '0000-00-00 00:00:00',
  `deleted_at` timestamp NULL DEFAULT NULL,
  PRIMARY KEY (`id`)
) ENGINE=InnoDB  DEFAULT CHARSET=utf8 COLLATE=utf8_unicode_ci AUTO_INCREMENT=6 ;

--
-- Volcado de datos para la tabla `memory_questions`
--

INSERT INTO `memory_questions` (`id`, `question`, `answer`, `created_at`, `updated_at`, `deleted_at`) VALUES
(1, 'Modelo de datos', 'Es un lenguaje orientado a hablar de una Base de Datos', '2015-03-25 21:00:50', '2015-03-25 21:00:50', NULL),
(2, 'Estructura de datos', 'Es una forma particular de organizar datos en una computadora u ordenador para que pueda ser utilizado de manera eficiente', '2015-03-25 21:01:23', '2015-03-25 21:01:23', NULL),
(3, 'Base de datos', 'Es un conjunto de datos pertenecientes a un mismo contexto y almacenados sistemáticamente para su posterior uso', '2015-03-25 21:02:19', '2015-03-25 21:02:19', NULL),
(4, 'Programa informático', 'Es una secuencia de instrucciones, escritas para realizar una tarea específica en una computadora', '2015-03-25 21:02:43', '2015-03-25 21:02:43', NULL),
(5, 'Algoritmo', 'Es un conjunto prescrito de instrucciones o reglas bien definidas, ordenadas y finitas que permite realizar una actividad mediante pasos sucesivos que no generen dudas a quien deba realizar dicha actividad', '2015-03-25 21:03:14', '2015-03-25 21:03:14', NULL);

-- --------------------------------------------------------

--
-- Estructura de tabla para la tabla `messages`
--

CREATE TABLE IF NOT EXISTS `messages` (
  `id` int(10) unsigned NOT NULL AUTO_INCREMENT,
  `author_id` int(11) NOT NULL,
  `subject` varchar(255) COLLATE utf8_unicode_ci NOT NULL,
  `message` longtext COLLATE utf8_unicode_ci NOT NULL,
  `status` enum('draft','done','deleted') COLLATE utf8_unicode_ci DEFAULT 'draft',
  `created_at` timestamp NOT NULL DEFAULT '0000-00-00 00:00:00',
  `updated_at` timestamp NOT NULL DEFAULT '0000-00-00 00:00:00',
  `deleted_at` timestamp NULL DEFAULT NULL,
  PRIMARY KEY (`id`)
) ENGINE=InnoDB  DEFAULT CHARSET=utf8 COLLATE=utf8_unicode_ci AUTO_INCREMENT=78 ;

--
-- Volcado de datos para la tabla `messages`
--

INSERT INTO `messages` (`id`, `author_id`, `subject`, `message`, `status`, `created_at`, `updated_at`, `deleted_at`) VALUES
(1, 3, '', '', 'draft', '2015-04-25 22:05:00', '2015-04-25 22:05:00', NULL),
(2, 3, '', '', 'draft', '2015-04-25 22:11:30', '2015-04-25 22:11:30', NULL),
(3, 3, '', '', 'draft', '2015-04-25 22:18:41', '2015-04-25 22:18:41', NULL),
(4, 3, '', '', 'draft', '2015-04-25 22:19:47', '2015-04-25 22:19:47', NULL),
(5, 3, '', '', 'draft', '2015-04-25 22:20:01', '2015-04-25 22:20:01', NULL),
(6, 3, '', '', 'draft', '2015-04-25 22:22:00', '2015-04-25 22:22:00', NULL),
(7, 3, 'Primer Correo de Prueba', '<p style="margin-top: 0.5em; margin-bottom: 0.5em; line-height: 22.3999996185303px; color: rgb(37, 37, 37); font-family: sans-serif; font-size: 14px;">Un&nbsp;<i><b>globally unique identifier</b></i>&nbsp;(inglés para «identificador único global») o&nbsp;<i><b>GUID</b></i>&nbsp;es un&nbsp;<a href="http://es.wikipedia.org/wiki/N%C3%BAmero_pseudoaleatorio" title="Número pseudoaleatorio" style="color: rgb(11, 0, 128); background-image: none; background-attachment: initial; background-size: initial; background-origin: initial; background-clip: initial; background-position: initial; background-repeat: initial;">número pseudoaleatorio</a>&nbsp;empleado en aplicaciones de&nbsp;<a href="http://es.wikipedia.org/wiki/Software" title="Software" style="color: rgb(11, 0, 128); background-image: none; background-attachment: initial; background-size: initial; background-origin: initial; background-clip: initial; background-position: initial; background-repeat: initial;">software</a>. Aunque no se puede garantizar que cada GUID generado sea único, el número total de claves únicas (<img class="mwe-math-fallback-image-inline tex" alt="2^{128}" src="http://upload.wikimedia.org/math/f/e/d/fed43b81bd5ffb0b62e59871d1c1588b.png" style="border-style: none; margin: 0px; display: inline-block;">&nbsp;o&nbsp;<img class="mwe-math-fallback-image-inline tex" alt="3.4028 \\times 10^{38}" src="http://upload.wikimedia.org/math/7/7/2/7720fb2b755f2cd6766657ffeb421535.png" style="border-style: none; margin: 0px; display: inline-block;">) es tan grande que la posibilidad de que se genere un mismo número dos veces puede considerarse nula en la práctica.</p><p style="margin-top: 0.5em; margin-bottom: 0.5em; line-height: 22.3999996185303px; color: rgb(37, 37, 37); font-family: sans-serif; font-size: 14px;">El&nbsp;<i>GUID</i>&nbsp;es una implementación de&nbsp;<a href="http://es.wikipedia.org/wiki/Microsoft" title="Microsoft" style="color: rgb(11, 0, 128); background-image: none; background-attachment: initial; background-size: initial; background-origin: initial; background-clip: initial; background-position: initial; background-repeat: initial;">Microsoft</a>&nbsp;de un estándar llamado&nbsp;<i><a href="http://es.wikipedia.org/wiki/Universally_unique_identifier" title="Universally unique identifier" style="color: rgb(11, 0, 128); background-image: none; background-attachment: initial; background-size: initial; background-origin: initial; background-clip: initial; background-position: initial; background-repeat: initial;">universally unique identifier</a></i>&nbsp;o&nbsp;<i>UUID</i>, especificado por la&nbsp;<a href="http://es.wikipedia.org/wiki/Open_Software_Foundation" title="Open Software Foundation" style="color: rgb(11, 0, 128); background-image: none; background-attachment: initial; background-size: initial; background-origin: initial; background-clip: initial; background-position: initial; background-repeat: initial;">Open Software Foundation</a>&nbsp;(<i>OSF</i>). Es esencialmente un número de 16&nbsp;<a href="http://es.wikipedia.org/wiki/Byte" title="Byte" style="color: rgb(11, 0, 128); background-image: none; background-attachment: initial; background-size: initial; background-origin: initial; background-clip: initial; background-position: initial; background-repeat: initial;">bytes</a>. Los&nbsp;<i>GUID</i>&nbsp;se escriben empleando una palabra de cuatro bytes, tres palabras de dos bytes y un bloque de seis bytes, aunque los dos primeros aparecen separados. Por ejemplo:&nbsp;<code style="font-family: monospace, Courier; color: black; border-color: rgb(221, 221, 221); border-radius: 2px; padding-top: 1px; padding-bottom: 1px; background-color: rgb(249, 249, 249);">{3F2504E0-4F89-11D3-9A0C-0305E82C3301}</code>.</p><p style="margin-top: 0.5em; margin-bottom: 0.5em; line-height: 22.3999996185303px; color: rgb(37, 37, 37); font-family: sans-serif; font-size: 14px;">En el&nbsp;<a href="http://es.wikipedia.org/wiki/Component_Object_Model" title="Component Object Model" style="color: rgb(11, 0, 128); background-image: none; background-attachment: initial; background-size: initial; background-origin: initial; background-clip: initial; background-position: initial; background-repeat: initial;">COM</a>&nbsp;de Microsoft, los&nbsp;<i>GUID</i>&nbsp;tan solo se usan para distinguir interfaces de&nbsp;<a href="http://es.wikipedia.org/w/index.php?title=Componente_software&amp;action=edit&amp;redlink=1" class="new" title="Componente software (aún no redactado)" style="color: rgb(165, 88, 88); background-image: none; background-attachment: initial; background-size: initial; background-origin: initial; background-clip: initial; background-position: initial; background-repeat: initial;">componentes software</a>&nbsp;diferentes. Esto significa que dos versiones de un componente pueden tener exactamente el mismo nombre, pero ser diferente de cara al usuario en caso de que el&nbsp;<i>GUID</i>&nbsp;haya cambiado.</p><p style="margin-top: 0.5em; margin-bottom: 0.5em; line-height: 22.3999996185303px; color: rgb(37, 37, 37); font-family: sans-serif; font-size: 14px;">Los&nbsp;<i>GUID</i>&nbsp;también se insertan en los documentos de los programas de&nbsp;<a href="http://es.wikipedia.org/wiki/Microsoft_Office" title="Microsoft Office" style="color: rgb(11, 0, 128); background-image: none; background-attachment: initial; background-size: initial; background-origin: initial; background-clip: initial; background-position: initial; background-repeat: initial;">Microsoft Office</a>, y éstos son vistos como objetos también. Incluso los flujos de audio o vídeo en el<i><a href="http://es.wikipedia.org/wiki/Advanced_Streaming_Format" title="Advanced Streaming Format" style="color: rgb(11, 0, 128); background-image: none; background-attachment: initial; background-size: initial; background-origin: initial; background-clip: initial; background-position: initial; background-repeat: initial;">Advanced Streaming Format</a></i>&nbsp;(<i>ASF</i>) son identificados por sus&nbsp;<i>GUID</i>.</p>				\r\n			', 'done', '2015-04-25 22:25:33', '2015-04-25 22:35:07', NULL),
(8, 3, '', '', 'draft', '2015-04-25 22:37:51', '2015-04-25 22:37:51', NULL),
(9, 3, 'Tercer Correo de Prueba', '<p style="margin-top: 0.5em; margin-bottom: 0.5em; line-height: 22.3999996185303px; color: rgb(37, 37, 37); font-family: sans-serif; font-size: 14px;">Un&nbsp;<i><b>globally unique identifier</b></i>&nbsp;(inglés para «identificador único global») o&nbsp;<i><b>GUID</b></i>&nbsp;es un&nbsp;<a href="http://es.wikipedia.org/wiki/N%C3%BAmero_pseudoaleatorio" title="Número pseudoaleatorio" style="color: rgb(11, 0, 128); background-image: none; background-attachment: initial; background-size: initial; background-origin: initial; background-clip: initial; background-position: initial; background-repeat: initial;">número pseudoaleatorio</a>&nbsp;empleado en aplicaciones de&nbsp;<a href="http://es.wikipedia.org/wiki/Software" title="Software" style="color: rgb(11, 0, 128); background-image: none; background-attachment: initial; background-size: initial; background-origin: initial; background-clip: initial; background-position: initial; background-repeat: initial;">software</a>. Aunque no se puede garantizar que cada GUID generado sea único, el número total de claves únicas (<img class="mwe-math-fallback-image-inline tex" alt="2^{128}" src="http://upload.wikimedia.org/math/f/e/d/fed43b81bd5ffb0b62e59871d1c1588b.png" style="border-style: none; margin: 0px; display: inline-block;">&nbsp;o&nbsp;<img class="mwe-math-fallback-image-inline tex" alt="3.4028 \\times 10^{38}" src="http://upload.wikimedia.org/math/7/7/2/7720fb2b755f2cd6766657ffeb421535.png" style="border-style: none; margin: 0px; display: inline-block;">) es tan grande que la posibilidad de que se genere un mismo número dos veces puede considerarse nula en la práctica.</p><p style="margin-top: 0.5em; margin-bottom: 0.5em; line-height: 22.3999996185303px; color: rgb(37, 37, 37); font-family: sans-serif; font-size: 14px;">El&nbsp;<i>GUID</i>&nbsp;es una implementación de&nbsp;<a href="http://es.wikipedia.org/wiki/Microsoft" title="Microsoft" style="color: rgb(11, 0, 128); background-image: none; background-attachment: initial; background-size: initial; background-origin: initial; background-clip: initial; background-position: initial; background-repeat: initial;">Microsoft</a>&nbsp;de un estándar llamado&nbsp;<i><a href="http://es.wikipedia.org/wiki/Universally_unique_identifier" title="Universally unique identifier" style="color: rgb(11, 0, 128); background-image: none; background-attachment: initial; background-size: initial; background-origin: initial; background-clip: initial; background-position: initial; background-repeat: initial;">universally unique identifier</a></i>&nbsp;o&nbsp;<i>UUID</i>, especificado por la&nbsp;<a href="http://es.wikipedia.org/wiki/Open_Software_Foundation" title="Open Software Foundation" style="color: rgb(11, 0, 128); background-image: none; background-attachment: initial; background-size: initial; background-origin: initial; background-clip: initial; background-position: initial; background-repeat: initial;">Open Software Foundation</a>&nbsp;(<i>OSF</i>). Es esencialmente un número de 16&nbsp;<a href="http://es.wikipedia.org/wiki/Byte" title="Byte" style="color: rgb(11, 0, 128); background-image: none; background-attachment: initial; background-size: initial; background-origin: initial; background-clip: initial; background-position: initial; background-repeat: initial;">bytes</a>. Los&nbsp;<i>GUID</i>&nbsp;se escriben empleando una palabra de cuatro bytes, tres palabras de dos bytes y un bloque de seis bytes, aunque los dos primeros aparecen separados. Por ejemplo:&nbsp;<code style="font-family: monospace, Courier; color: black; border-color: rgb(221, 221, 221); border-radius: 2px; padding-top: 1px; padding-bottom: 1px; background-color: rgb(249, 249, 249);">{3F2504E0-4F89-11D3-9A0C-0305E82C3301}</code>.</p><p style="margin-top: 0.5em; margin-bottom: 0.5em; line-height: 22.3999996185303px; color: rgb(37, 37, 37); font-family: sans-serif; font-size: 14px;">En el&nbsp;<a href="http://es.wikipedia.org/wiki/Component_Object_Model" title="Component Object Model" style="color: rgb(11, 0, 128); background-image: none; background-attachment: initial; background-size: initial; background-origin: initial; background-clip: initial; background-position: initial; background-repeat: initial;">COM</a>&nbsp;de Microsoft, los&nbsp;<i>GUID</i>&nbsp;tan solo se usan para distinguir interfaces de&nbsp;<a href="http://es.wikipedia.org/w/index.php?title=Componente_software&amp;action=edit&amp;redlink=1" class="new" title="Componente software (aún no redactado)" style="color: rgb(165, 88, 88); background-image: none; background-attachment: initial; background-size: initial; background-origin: initial; background-clip: initial; background-position: initial; background-repeat: initial;">componentes software</a>&nbsp;diferentes. Esto significa que dos versiones de un componente pueden tener exactamente el mismo nombre, pero ser diferente de cara al usuario en caso de que el&nbsp;<i>GUID</i>&nbsp;haya cambiado.</p><p style="margin-top: 0.5em; margin-bottom: 0.5em; line-height: 22.3999996185303px; color: rgb(37, 37, 37); font-family: sans-serif; font-size: 14px;">Los&nbsp;<i>GUID</i>&nbsp;también se insertan en los documentos de los programas de&nbsp;<a href="http://es.wikipedia.org/wiki/Microsoft_Office" title="Microsoft Office" style="color: rgb(11, 0, 128); background-image: none; background-attachment: initial; background-size: initial; background-origin: initial; background-clip: initial; background-position: initial; background-repeat: initial;">Microsoft Office</a>, y éstos son vistos como objetos también. Incluso los flujos de audio o vídeo en el<i><a href="http://es.wikipedia.org/wiki/Advanced_Streaming_Format" title="Advanced Streaming Format" style="color: rgb(11, 0, 128); background-image: none; background-attachment: initial; background-size: initial; background-origin: initial; background-clip: initial; background-position: initial; background-repeat: initial;">Advanced Streaming Format</a></i>&nbsp;(<i>ASF</i>) son identificados por sus&nbsp;<i>GUID</i>.</p>				\r\n			', 'done', '2015-04-25 22:39:24', '2015-04-25 22:39:58', NULL),
(10, 3, 'Cuarto Correo de Prueba', '<p style="margin-top: 0.5em; margin-bottom: 0.5em; line-height: 22.3999996185303px; color: rgb(37, 37, 37); font-family: sans-serif; font-size: 14px;">Un&nbsp;<i><b>globally unique identifier</b></i>&nbsp;(inglés para «identificador único global») o&nbsp;<i><b>GUID</b></i>&nbsp;es un&nbsp;<a href="http://es.wikipedia.org/wiki/N%C3%BAmero_pseudoaleatorio" title="Número pseudoaleatorio" style="color: rgb(11, 0, 128); background-image: none; background-attachment: initial; background-size: initial; background-origin: initial; background-clip: initial; background-position: initial; background-repeat: initial;">número pseudoaleatorio</a>&nbsp;empleado en aplicaciones de&nbsp;<a href="http://es.wikipedia.org/wiki/Software" title="Software" style="color: rgb(11, 0, 128); background-image: none; background-attachment: initial; background-size: initial; background-origin: initial; background-clip: initial; background-position: initial; background-repeat: initial;">software</a>. Aunque no se puede garantizar que cada GUID generado sea único, el número total de claves únicas (<img class="mwe-math-fallback-image-inline tex" alt="2^{128}" src="http://upload.wikimedia.org/math/f/e/d/fed43b81bd5ffb0b62e59871d1c1588b.png" style="border-style: none; margin: 0px; display: inline-block;">&nbsp;o&nbsp;<img class="mwe-math-fallback-image-inline tex" alt="3.4028 \\times 10^{38}" src="http://upload.wikimedia.org/math/7/7/2/7720fb2b755f2cd6766657ffeb421535.png" style="border-style: none; margin: 0px; display: inline-block;">) es tan grande que la posibilidad de que se genere un mismo número dos veces puede considerarse nula en la práctica.</p><p style="margin-top: 0.5em; margin-bottom: 0.5em; line-height: 22.3999996185303px; color: rgb(37, 37, 37); font-family: sans-serif; font-size: 14px;">El&nbsp;<i>GUID</i>&nbsp;es una implementación de&nbsp;<a href="http://es.wikipedia.org/wiki/Microsoft" title="Microsoft" style="color: rgb(11, 0, 128); background-image: none; background-attachment: initial; background-size: initial; background-origin: initial; background-clip: initial; background-position: initial; background-repeat: initial;">Microsoft</a>&nbsp;de un estándar llamado&nbsp;<i><a href="http://es.wikipedia.org/wiki/Universally_unique_identifier" title="Universally unique identifier" style="color: rgb(11, 0, 128); background-image: none; background-attachment: initial; background-size: initial; background-origin: initial; background-clip: initial; background-position: initial; background-repeat: initial;">universally unique identifier</a></i>&nbsp;o&nbsp;<i>UUID</i>, especificado por la&nbsp;<a href="http://es.wikipedia.org/wiki/Open_Software_Foundation" title="Open Software Foundation" style="color: rgb(11, 0, 128); background-image: none; background-attachment: initial; background-size: initial; background-origin: initial; background-clip: initial; background-position: initial; background-repeat: initial;">Open Software Foundation</a>&nbsp;(<i>OSF</i>). Es esencialmente un número de 16&nbsp;<a href="http://es.wikipedia.org/wiki/Byte" title="Byte" style="color: rgb(11, 0, 128); background-image: none; background-attachment: initial; background-size: initial; background-origin: initial; background-clip: initial; background-position: initial; background-repeat: initial;">bytes</a>. Los&nbsp;<i>GUID</i>&nbsp;se escriben empleando una palabra de cuatro bytes, tres palabras de dos bytes y un bloque de seis bytes, aunque los dos primeros aparecen separados. Por ejemplo:&nbsp;<code style="font-family: monospace, Courier; color: black; border-color: rgb(221, 221, 221); border-radius: 2px; padding-top: 1px; padding-bottom: 1px; background-color: rgb(249, 249, 249);">{3F2504E0-4F89-11D3-9A0C-0305E82C3301}</code>.</p><p style="margin-top: 0.5em; margin-bottom: 0.5em; line-height: 22.3999996185303px; color: rgb(37, 37, 37); font-family: sans-serif; font-size: 14px;">En el&nbsp;<a href="http://es.wikipedia.org/wiki/Component_Object_Model" title="Component Object Model" style="color: rgb(11, 0, 128); background-image: none; background-attachment: initial; background-size: initial; background-origin: initial; background-clip: initial; background-position: initial; background-repeat: initial;">COM</a>&nbsp;de Microsoft, los&nbsp;<i>GUID</i>&nbsp;tan solo se usan para distinguir interfaces de&nbsp;<a href="http://es.wikipedia.org/w/index.php?title=Componente_software&amp;action=edit&amp;redlink=1" class="new" title="Componente software (aún no redactado)" style="color: rgb(165, 88, 88); background-image: none; background-attachment: initial; background-size: initial; background-origin: initial; background-clip: initial; background-position: initial; background-repeat: initial;">componentes software</a>&nbsp;diferentes. Esto significa que dos versiones de un componente pueden tener exactamente el mismo nombre, pero ser diferente de cara al usuario en caso de que el&nbsp;<i>GUID</i>&nbsp;haya cambiado.</p><p style="margin-top: 0.5em; margin-bottom: 0.5em; line-height: 22.3999996185303px; color: rgb(37, 37, 37); font-family: sans-serif; font-size: 14px;">Los&nbsp;<i>GUID</i>&nbsp;también se insertan en los documentos de los programas de&nbsp;<a href="http://es.wikipedia.org/wiki/Microsoft_Office" title="Microsoft Office" style="color: rgb(11, 0, 128); background-image: none; background-attachment: initial; background-size: initial; background-origin: initial; background-clip: initial; background-position: initial; background-repeat: initial;">Microsoft Office</a>, y éstos son vistos como objetos también. Incluso los flujos de audio o vídeo en el<i><a href="http://es.wikipedia.org/wiki/Advanced_Streaming_Format" title="Advanced Streaming Format" style="color: rgb(11, 0, 128); background-image: none; background-attachment: initial; background-size: initial; background-origin: initial; background-clip: initial; background-position: initial; background-repeat: initial;">Advanced Streaming Format</a></i>&nbsp;(<i>ASF</i>) son identificados por sus&nbsp;<i>GUID</i>.</p>				\r\n			', 'done', '2015-04-25 22:46:58', '2015-04-25 22:47:39', NULL),
(11, 3, 'Quinto Correo de Prueba', '<p style="margin-top: 0.5em; margin-bottom: 0.5em; line-height: 22.3999996185303px; color: rgb(37, 37, 37); font-family: sans-serif; font-size: 14px;">Un&nbsp;<i><b>globally unique identifier</b></i>&nbsp;(inglés para «identificador único global») o&nbsp;<i><b>GUID</b></i>&nbsp;es un&nbsp;<a href="http://es.wikipedia.org/wiki/N%C3%BAmero_pseudoaleatorio" title="Número pseudoaleatorio" style="color: rgb(11, 0, 128); background-image: none; background-attachment: initial; background-size: initial; background-origin: initial; background-clip: initial; background-position: initial; background-repeat: initial;">número pseudoaleatorio</a>&nbsp;empleado en aplicaciones de&nbsp;<a href="http://es.wikipedia.org/wiki/Software" title="Software" style="color: rgb(11, 0, 128); background-image: none; background-attachment: initial; background-size: initial; background-origin: initial; background-clip: initial; background-position: initial; background-repeat: initial;">software</a>. Aunque no se puede garantizar que cada GUID generado sea único, el número total de claves únicas (<img class="mwe-math-fallback-image-inline tex" alt="2^{128}" src="http://upload.wikimedia.org/math/f/e/d/fed43b81bd5ffb0b62e59871d1c1588b.png" style="border-style: none; margin: 0px; display: inline-block;">&nbsp;o&nbsp;<img class="mwe-math-fallback-image-inline tex" alt="3.4028 \\times 10^{38}" src="http://upload.wikimedia.org/math/7/7/2/7720fb2b755f2cd6766657ffeb421535.png" style="border-style: none; margin: 0px; display: inline-block;">) es tan grande que la posibilidad de que se genere un mismo número dos veces puede considerarse nula en la práctica.</p><p style="margin-top: 0.5em; margin-bottom: 0.5em; line-height: 22.3999996185303px; color: rgb(37, 37, 37); font-family: sans-serif; font-size: 14px;">El&nbsp;<i>GUID</i>&nbsp;es una implementación de&nbsp;<a href="http://es.wikipedia.org/wiki/Microsoft" title="Microsoft" style="color: rgb(11, 0, 128); background-image: none; background-attachment: initial; background-size: initial; background-origin: initial; background-clip: initial; background-position: initial; background-repeat: initial;">Microsoft</a>&nbsp;de un estándar llamado&nbsp;<i><a href="http://es.wikipedia.org/wiki/Universally_unique_identifier" title="Universally unique identifier" style="color: rgb(11, 0, 128); background-image: none; background-attachment: initial; background-size: initial; background-origin: initial; background-clip: initial; background-position: initial; background-repeat: initial;">universally unique identifier</a></i>&nbsp;o&nbsp;<i>UUID</i>, especificado por la&nbsp;<a href="http://es.wikipedia.org/wiki/Open_Software_Foundation" title="Open Software Foundation" style="color: rgb(11, 0, 128); background-image: none; background-attachment: initial; background-size: initial; background-origin: initial; background-clip: initial; background-position: initial; background-repeat: initial;">Open Software Foundation</a>&nbsp;(<i>OSF</i>). Es esencialmente un número de 16&nbsp;<a href="http://es.wikipedia.org/wiki/Byte" title="Byte" style="color: rgb(11, 0, 128); background-image: none; background-attachment: initial; background-size: initial; background-origin: initial; background-clip: initial; background-position: initial; background-repeat: initial;">bytes</a>. Los&nbsp;<i>GUID</i>&nbsp;se escriben empleando una palabra de cuatro bytes, tres palabras de dos bytes y un bloque de seis bytes, aunque los dos primeros aparecen separados. Por ejemplo:&nbsp;<code style="font-family: monospace, Courier; color: black; border-color: rgb(221, 221, 221); border-radius: 2px; padding-top: 1px; padding-bottom: 1px; background-color: rgb(249, 249, 249);">{3F2504E0-4F89-11D3-9A0C-0305E82C3301}</code>.</p><p style="margin-top: 0.5em; margin-bottom: 0.5em; line-height: 22.3999996185303px; color: rgb(37, 37, 37); font-family: sans-serif; font-size: 14px;">En el&nbsp;<a href="http://es.wikipedia.org/wiki/Component_Object_Model" title="Component Object Model" style="color: rgb(11, 0, 128); background-image: none; background-attachment: initial; background-size: initial; background-origin: initial; background-clip: initial; background-position: initial; background-repeat: initial;">COM</a>&nbsp;de Microsoft, los&nbsp;<i>GUID</i>&nbsp;tan solo se usan para distinguir interfaces de&nbsp;<a href="http://es.wikipedia.org/w/index.php?title=Componente_software&amp;action=edit&amp;redlink=1" class="new" title="Componente software (aún no redactado)" style="color: rgb(165, 88, 88); background-image: none; background-attachment: initial; background-size: initial; background-origin: initial; background-clip: initial; background-position: initial; background-repeat: initial;">componentes software</a>&nbsp;diferentes. Esto significa que dos versiones de un componente pueden tener exactamente el mismo nombre, pero ser diferente de cara al usuario en caso de que el&nbsp;<i>GUID</i>&nbsp;haya cambiado.</p><p style="margin-top: 0.5em; margin-bottom: 0.5em; line-height: 22.3999996185303px; color: rgb(37, 37, 37); font-family: sans-serif; font-size: 14px;">Los&nbsp;<i>GUID</i>&nbsp;también se insertan en los documentos de los programas de&nbsp;<a href="http://es.wikipedia.org/wiki/Microsoft_Office" title="Microsoft Office" style="color: rgb(11, 0, 128); background-image: none; background-attachment: initial; background-size: initial; background-origin: initial; background-clip: initial; background-position: initial; background-repeat: initial;">Microsoft Office</a>, y éstos son vistos como objetos también. Incluso los flujos de audio o vídeo en el<i><a href="http://es.wikipedia.org/wiki/Advanced_Streaming_Format" title="Advanced Streaming Format" style="color: rgb(11, 0, 128); background-image: none; background-attachment: initial; background-size: initial; background-origin: initial; background-clip: initial; background-position: initial; background-repeat: initial;">Advanced Streaming Format</a></i>&nbsp;(<i>ASF</i>) son identificados por sus&nbsp;<i>GUID</i>.</p>				\r\n			', 'done', '2015-04-25 22:53:57', '2015-04-25 22:55:03', NULL),
(12, 3, '', '', 'draft', '2015-04-25 23:22:18', '2015-04-25 23:22:18', NULL),
(13, 3, 'Sexto Mensaje de Prueba', '<p style="margin-top: 0.5em; margin-bottom: 0.5em; line-height: 22.3999996185303px; color: rgb(37, 37, 37); font-family: sans-serif; font-size: 14px;">Un&nbsp;<i><b>globally unique identifier</b></i>&nbsp;(inglés para «identificador único global») o&nbsp;<i><b>GUID</b></i>&nbsp;es un&nbsp;<a href="http://es.wikipedia.org/wiki/N%C3%BAmero_pseudoaleatorio" title="Número pseudoaleatorio" style="color: rgb(11, 0, 128); background-image: none; background-attachment: initial; background-size: initial; background-origin: initial; background-clip: initial; background-position: initial; background-repeat: initial;">número pseudoaleatorio</a>&nbsp;empleado en aplicaciones de&nbsp;<a href="http://es.wikipedia.org/wiki/Software" title="Software" style="color: rgb(11, 0, 128); background-image: none; background-attachment: initial; background-size: initial; background-origin: initial; background-clip: initial; background-position: initial; background-repeat: initial;">software</a>. Aunque no se puede garantizar que cada GUID generado sea único, el número total de claves únicas (<img class="mwe-math-fallback-image-inline tex" alt="2^{128}" src="http://upload.wikimedia.org/math/f/e/d/fed43b81bd5ffb0b62e59871d1c1588b.png" style="border-style: none; margin: 0px; display: inline-block;">&nbsp;o&nbsp;<img class="mwe-math-fallback-image-inline tex" alt="3.4028 \\times 10^{38}" src="http://upload.wikimedia.org/math/7/7/2/7720fb2b755f2cd6766657ffeb421535.png" style="border-style: none; margin: 0px; display: inline-block;">) es tan grande que la posibilidad de que se genere un mismo número dos veces puede considerarse nula en la práctica.</p><p style="margin-top: 0.5em; margin-bottom: 0.5em; line-height: 22.3999996185303px; color: rgb(37, 37, 37); font-family: sans-serif; font-size: 14px;">El&nbsp;<i>GUID</i>&nbsp;es una implementación de&nbsp;<a href="http://es.wikipedia.org/wiki/Microsoft" title="Microsoft" style="color: rgb(11, 0, 128); background-image: none; background-attachment: initial; background-size: initial; background-origin: initial; background-clip: initial; background-position: initial; background-repeat: initial;">Microsoft</a>&nbsp;de un estándar llamado&nbsp;<i><a href="http://es.wikipedia.org/wiki/Universally_unique_identifier" title="Universally unique identifier" style="color: rgb(11, 0, 128); background-image: none; background-attachment: initial; background-size: initial; background-origin: initial; background-clip: initial; background-position: initial; background-repeat: initial;">universally unique identifier</a></i>&nbsp;o&nbsp;<i>UUID</i>, especificado por la&nbsp;<a href="http://es.wikipedia.org/wiki/Open_Software_Foundation" title="Open Software Foundation" style="color: rgb(11, 0, 128); background-image: none; background-attachment: initial; background-size: initial; background-origin: initial; background-clip: initial; background-position: initial; background-repeat: initial;">Open Software Foundation</a>&nbsp;(<i>OSF</i>). Es esencialmente un número de 16&nbsp;<a href="http://es.wikipedia.org/wiki/Byte" title="Byte" style="color: rgb(11, 0, 128); background-image: none; background-attachment: initial; background-size: initial; background-origin: initial; background-clip: initial; background-position: initial; background-repeat: initial;">bytes</a>. Los&nbsp;<i>GUID</i>&nbsp;se escriben empleando una palabra de cuatro bytes, tres palabras de dos bytes y un bloque de seis bytes, aunque los dos primeros aparecen separados. Por ejemplo:&nbsp;<code style="font-family: monospace, Courier; color: black; border-color: rgb(221, 221, 221); border-radius: 2px; padding-top: 1px; padding-bottom: 1px; background-color: rgb(249, 249, 249);">{3F2504E0-4F89-11D3-9A0C-0305E82C3301}</code>.</p><p style="margin-top: 0.5em; margin-bottom: 0.5em; line-height: 22.3999996185303px; color: rgb(37, 37, 37); font-family: sans-serif; font-size: 14px;">En el&nbsp;<a href="http://es.wikipedia.org/wiki/Component_Object_Model" title="Component Object Model" style="color: rgb(11, 0, 128); background-image: none; background-attachment: initial; background-size: initial; background-origin: initial; background-clip: initial; background-position: initial; background-repeat: initial;">COM</a>&nbsp;de Microsoft, los&nbsp;<i>GUID</i>&nbsp;tan solo se usan para distinguir interfaces de&nbsp;<a href="http://es.wikipedia.org/w/index.php?title=Componente_software&amp;action=edit&amp;redlink=1" class="new" title="Componente software (aún no redactado)" style="color: rgb(165, 88, 88); background-image: none; background-attachment: initial; background-size: initial; background-origin: initial; background-clip: initial; background-position: initial; background-repeat: initial;">componentes software</a>&nbsp;diferentes. Esto significa que dos versiones de un componente pueden tener exactamente el mismo nombre, pero ser diferente de cara al usuario en caso de que el&nbsp;<i>GUID</i>&nbsp;haya cambiado.</p><p style="margin-top: 0.5em; margin-bottom: 0.5em; line-height: 22.3999996185303px; color: rgb(37, 37, 37); font-family: sans-serif; font-size: 14px;">Los&nbsp;<i>GUID</i>&nbsp;también se insertan en los documentos de los programas de&nbsp;<a href="http://es.wikipedia.org/wiki/Microsoft_Office" title="Microsoft Office" style="color: rgb(11, 0, 128); background-image: none; background-attachment: initial; background-size: initial; background-origin: initial; background-clip: initial; background-position: initial; background-repeat: initial;">Microsoft Office</a>, y éstos son vistos como objetos también. Incluso los flujos de audio o vídeo en el<i><a href="http://es.wikipedia.org/wiki/Advanced_Streaming_Format" title="Advanced Streaming Format" style="color: rgb(11, 0, 128); background-image: none; background-attachment: initial; background-size: initial; background-origin: initial; background-clip: initial; background-position: initial; background-repeat: initial;">Advanced Streaming Format</a></i>&nbsp;(<i>ASF</i>) son identificados por sus&nbsp;<i>GUID</i>.</p>				\r\n			', 'done', '2015-04-25 23:23:07', '2015-04-25 23:23:30', NULL),
(14, 3, '', '', 'draft', '2015-04-25 23:40:08', '2015-04-25 23:40:08', NULL),
(15, 3, '', '', 'draft', '2015-04-26 01:32:42', '2015-04-26 01:32:42', NULL),
(16, 1, 'Noveno Mensaje de Prueba', '<p style="line-height: 1.5; margin-top: 10px; margin-bottom: 20px; color: rgb(82, 82, 82); font-family: ''Source Sans Pro'', sans-serif; font-size: 16px;">The argument passed to the&nbsp;<code class=" language-php" style="font-family: Consolas, Monaco, ''Andale Mono'', monospace; font-size: 13px; color: rgb(244, 100, 95); padding: 1px 5px; border-radius: 3px; text-shadow: white 0px 1px; direction: ltr; white-space: pre; word-spacing: normal; word-break: normal; line-height: 1.5; tab-size: 4; background: rgb(240, 242, 241);">paginate</code>&nbsp;method is the number of items you wish to display per page. Once you have retrieved the results, you may display them on your view, and create the pagination links using the&nbsp;<code class=" language-php" style="font-family: Consolas, Monaco, ''Andale Mono'', monospace; font-size: 13px; color: rgb(244, 100, 95); padding: 1px 5px; border-radius: 3px; text-shadow: white 0px 1px; direction: ltr; white-space: pre; word-spacing: normal; word-break: normal; line-height: 1.5; tab-size: 4; background: rgb(240, 242, 241);">links</code>&nbsp;method:</p><pre class=" language-php" style="font-family: Consolas, Monaco, ''Andale Mono'', monospace; color: black; text-shadow: white 0px 1px; direction: ltr; word-break: normal; line-height: 1.5; tab-size: 4; padding: 1em; margin-top: 10px; margin-bottom: 20px; border-radius: 3px; background: rgb(240, 242, 241);"><code class=" language-php" style="font-family: Consolas, Monaco, ''Andale Mono'', monospace; font-size: 13px; color: black; text-shadow: white 0px 1px; direction: ltr; white-space: pre; word-spacing: normal; word-break: normal; line-height: 1.5; tab-size: 4;"><span class="token markup"><span class="token tag" style="color: rgb(218, 86, 74);"><span class="token tag"><span class="token punctuation" style="color: rgb(153, 153, 153);">&lt;</span>div</span> <span class="token attr-name" style="color: rgb(85, 85, 85);">class</span><span class="token attr-value" style="color: rgb(0, 119, 170);"><span class="token punctuation" style="color: rgb(153, 153, 153);">=</span><span class="token punctuation" style="color: rgb(153, 153, 153);">"</span>container<span class="token punctuation" style="color: rgb(153, 153, 153);">"</span></span><span class="token punctuation" style="color: rgb(153, 153, 153);">&gt;</span></span></span>\r\n    <span class="token php"><span class="token delimiter">&lt;?php</span> <span class="token keyword" style="color: rgb(0, 119, 170);">foreach</span> <span class="token punctuation" style="color: rgb(153, 153, 153);">(</span><span class="token variable" style="color: rgb(78, 161, 223);">$users</span> <span class="token keyword" style="color: rgb(0, 119, 170);">as</span> <span class="token variable" style="color: rgb(78, 161, 223);">$user</span><span class="token punctuation" style="color: rgb(153, 153, 153);">)</span><span class="token punctuation" style="color: rgb(153, 153, 153);">:</span> <span class="token delimiter">?&gt;</span></span>\r\n        <span class="token php"><span class="token delimiter">&lt;?php</span> <span class="token keyword" style="color: rgb(0, 119, 170);">echo</span> <span class="token variable" style="color: rgb(78, 161, 223);">$user</span><span class="token operator" style="color: rgb(85, 85, 85);">-</span><span class="token operator" style="color: rgb(85, 85, 85);">&gt;</span><span class="token property" style="color: rgb(218, 86, 74);">name</span><span class="token punctuation" style="color: rgb(153, 153, 153);">;</span> <span class="token delimiter">?&gt;</span></span>\r\n    <span class="token php"><span class="token delimiter">&lt;?php</span> <span class="token keyword" style="color: rgb(0, 119, 170);">endforeach</span><span class="token punctuation" style="color: rgb(153, 153, 153);">;</span> <span class="token delimiter">?&gt;</span></span>\r\n<span class="token markup"><span class="token tag" style="color: rgb(218, 86, 74);"><span class="token tag"><span class="token punctuation" style="color: rgb(153, 153, 153);">&lt;/</span>div</span><span class="token punctuation" style="color: rgb(153, 153, 153);">&gt;</span></span></span>\r\n\r\n<span class="token php"><span class="token delimiter">&lt;?php</span> <span class="token keyword" style="color: rgb(0, 119, 170);">echo</span> <span class="token variable" style="color: rgb(78, 161, 223);">$users</span><span class="token operator" style="color: rgb(85, 85, 85);">-</span><span class="token operator" style="color: rgb(85, 85, 85);">&gt;</span><span class="token function" style="color: rgb(85, 85, 85);">links<span class="token punctuation" style="color: rgb(153, 153, 153);">(</span></span><span class="token punctuation" style="color: rgb(153, 153, 153);">)</span><span class="token punctuation" style="color: rgb(153, 153, 153);">;</span> <span class="token delimiter">?&gt;</span></span></code></pre><p style="line-height: 1.5; margin-top: 10px; margin-bottom: 20px; color: rgb(82, 82, 82); font-family: ''Source Sans Pro'', sans-serif; font-size: 16px;">This is all it takes to create a pagination system! Note that we did not have to inform the framework of the current page. Laravel will determine this for you automatically.</p><p style="line-height: 1.5; margin-top: 10px; margin-bottom: 20px; color: rgb(82, 82, 82); font-family: ''Source Sans Pro'', sans-serif; font-size: 16px;">If you would like to specify a custom view to use for pagination, you may pass a view to the&nbsp;<code class=" language-php" style="font-family: Consolas, Monaco, ''Andale Mono'', monospace; font-size: 13px; color: rgb(244, 100, 95); padding: 1px 5px; border-radius: 3px; text-shadow: white 0px 1px; direction: ltr; white-space: pre; word-spacing: normal; word-break: normal; line-height: 1.5; tab-size: 4; background: rgb(240, 242, 241);">links</code>method:</p><pre class=" language-php" style="font-family: Consolas, Monaco, ''Andale Mono'', monospace; color: black; text-shadow: white 0px 1px; direction: ltr; word-break: normal; line-height: 1.5; tab-size: 4; padding: 1em; margin-top: 10px; margin-bottom: 20px; border-radius: 3px; background: rgb(240, 242, 241);"><code class=" language-php" style="font-family: Consolas, Monaco, ''Andale Mono'', monospace; font-size: 13px; color: black; text-shadow: white 0px 1px; direction: ltr; white-space: pre; word-spacing: normal; word-break: normal; line-height: 1.5; tab-size: 4;"><span class="token php"><span class="token delimiter">&lt;?php</span> <span class="token keyword" style="color: rgb(0, 119, 170);">echo</span> <span class="token variable" style="color: rgb(78, 161, 223);">$users</span><span class="token operator" style="color: rgb(85, 85, 85);">-</span><span class="token operator" style="color: rgb(85, 85, 85);">&gt;</span><span class="token function" style="color: rgb(85, 85, 85);">links<span class="token punctuation" style="color: rgb(153, 153, 153);">(</span></span><span class="token string" style="color: rgb(85, 85, 85);">''view.name''</span><span class="token punctuation" style="color: rgb(153, 153, 153);">)</span><span class="token punctuation" style="color: rgb(153, 153, 153);">;</span> <span class="token delimiter">?&gt;</span></span></code></pre>				\r\n			', 'done', '2015-04-26 22:26:52', '2015-04-26 22:40:06', NULL),
(17, 3, 'Decimo Primer Mensaje de Prueba', '<p style="line-height: 1.5; margin-top: 10px; margin-bottom: 20px; color: rgb(82, 82, 82); font-family: ''Source Sans Pro'', sans-serif; font-size: 16px;">The argument passed to the&nbsp;<code class=" language-php" style="font-family: Consolas, Monaco, ''Andale Mono'', monospace; font-size: 13px; color: rgb(244, 100, 95); padding: 1px 5px; border-radius: 3px; text-shadow: white 0px 1px; direction: ltr; white-space: pre; word-spacing: normal; word-break: normal; line-height: 1.5; tab-size: 4; background: rgb(240, 242, 241);">paginate</code>&nbsp;method is the number of items you wish to display per page. Once you have retrieved the results, you may display them on your view, and create the pagination links using the&nbsp;<code class=" language-php" style="font-family: Consolas, Monaco, ''Andale Mono'', monospace; font-size: 13px; color: rgb(244, 100, 95); padding: 1px 5px; border-radius: 3px; text-shadow: white 0px 1px; direction: ltr; white-space: pre; word-spacing: normal; word-break: normal; line-height: 1.5; tab-size: 4; background: rgb(240, 242, 241);">links</code>&nbsp;method:</p><pre class=" language-php" style="font-family: Consolas, Monaco, ''Andale Mono'', monospace; color: black; text-shadow: white 0px 1px; direction: ltr; word-break: normal; line-height: 1.5; tab-size: 4; padding: 1em; margin-top: 10px; margin-bottom: 20px; border-radius: 3px; background: rgb(240, 242, 241);"><code class=" language-php" style="font-family: Consolas, Monaco, ''Andale Mono'', monospace; font-size: 13px; color: black; text-shadow: white 0px 1px; direction: ltr; white-space: pre; word-spacing: normal; word-break: normal; line-height: 1.5; tab-size: 4;"><span class="token markup"><span class="token tag" style="color: rgb(218, 86, 74);"><span class="token tag"><span class="token punctuation" style="color: rgb(153, 153, 153);">&lt;</span>div</span> <span class="token attr-name" style="color: rgb(85, 85, 85);">class</span><span class="token attr-value" style="color: rgb(0, 119, 170);"><span class="token punctuation" style="color: rgb(153, 153, 153);">=</span><span class="token punctuation" style="color: rgb(153, 153, 153);">"</span>container<span class="token punctuation" style="color: rgb(153, 153, 153);">"</span></span><span class="token punctuation" style="color: rgb(153, 153, 153);">&gt;</span></span></span>\r\n    <span class="token php"><span class="token delimiter">&lt;?php</span> <span class="token keyword" style="color: rgb(0, 119, 170);">foreach</span> <span class="token punctuation" style="color: rgb(153, 153, 153);">(</span><span class="token variable" style="color: rgb(78, 161, 223);">$users</span> <span class="token keyword" style="color: rgb(0, 119, 170);">as</span> <span class="token variable" style="color: rgb(78, 161, 223);">$user</span><span class="token punctuation" style="color: rgb(153, 153, 153);">)</span><span class="token punctuation" style="color: rgb(153, 153, 153);">:</span> <span class="token delimiter">?&gt;</span></span>\r\n        <span class="token php"><span class="token delimiter">&lt;?php</span> <span class="token keyword" style="color: rgb(0, 119, 170);">echo</span> <span class="token variable" style="color: rgb(78, 161, 223);">$user</span><span class="token operator" style="color: rgb(85, 85, 85);">-</span><span class="token operator" style="color: rgb(85, 85, 85);">&gt;</span><span class="token property" style="color: rgb(218, 86, 74);">name</span><span class="token punctuation" style="color: rgb(153, 153, 153);">;</span> <span class="token delimiter">?&gt;</span></span>\r\n    <span class="token php"><span class="token delimiter">&lt;?php</span> <span class="token keyword" style="color: rgb(0, 119, 170);">endforeach</span><span class="token punctuation" style="color: rgb(153, 153, 153);">;</span> <span class="token delimiter">?&gt;</span></span>\r\n<span class="token markup"><span class="token tag" style="color: rgb(218, 86, 74);"><span class="token tag"><span class="token punctuation" style="color: rgb(153, 153, 153);">&lt;/</span>div</span><span class="token punctuation" style="color: rgb(153, 153, 153);">&gt;</span></span></span>\r\n\r\n<span class="token php"><span class="token delimiter">&lt;?php</span> <span class="token keyword" style="color: rgb(0, 119, 170);">echo</span> <span class="token variable" style="color: rgb(78, 161, 223);">$users</span><span class="token operator" style="color: rgb(85, 85, 85);">-</span><span class="token operator" style="color: rgb(85, 85, 85);">&gt;</span><span class="token function" style="color: rgb(85, 85, 85);">links<span class="token punctuation" style="color: rgb(153, 153, 153);">(</span></span><span class="token punctuation" style="color: rgb(153, 153, 153);">)</span><span class="token punctuation" style="color: rgb(153, 153, 153);">;</span> <span class="token delimiter">?&gt;</span></span></code></pre><p style="line-height: 1.5; margin-top: 10px; margin-bottom: 20px; color: rgb(82, 82, 82); font-family: ''Source Sans Pro'', sans-serif; font-size: 16px;">This is all it takes to create a pagination system! Note that we did not have to inform the framework of the current page. Laravel will determine this for you automatically.</p><p style="line-height: 1.5; margin-top: 10px; margin-bottom: 20px; color: rgb(82, 82, 82); font-family: ''Source Sans Pro'', sans-serif; font-size: 16px;">If you would like to specify a custom view to use for pagination, you may pass a view to the&nbsp;<code class=" language-php" style="font-family: Consolas, Monaco, ''Andale Mono'', monospace; font-size: 13px; color: rgb(244, 100, 95); padding: 1px 5px; border-radius: 3px; text-shadow: white 0px 1px; direction: ltr; white-space: pre; word-spacing: normal; word-break: normal; line-height: 1.5; tab-size: 4; background: rgb(240, 242, 241);">links</code>method:</p><pre class=" language-php" style="font-family: Consolas, Monaco, ''Andale Mono'', monospace; color: black; text-shadow: white 0px 1px; direction: ltr; word-break: normal; line-height: 1.5; tab-size: 4; padding: 1em; margin-top: 10px; margin-bottom: 20px; border-radius: 3px; background: rgb(240, 242, 241);"><code class=" language-php" style="font-family: Consolas, Monaco, ''Andale Mono'', monospace; font-size: 13px; color: black; text-shadow: white 0px 1px; direction: ltr; white-space: pre; word-spacing: normal; word-break: normal; line-height: 1.5; tab-size: 4;"><span class="token php"><span class="token delimiter">&lt;?php</span> <span class="token keyword" style="color: rgb(0, 119, 170);">echo</span> <span class="token variable" style="color: rgb(78, 161, 223);">$users</span><span class="token operator" style="color: rgb(85, 85, 85);">-</span><span class="token operator" style="color: rgb(85, 85, 85);">&gt;</span><span class="token function" style="color: rgb(85, 85, 85);">links<span class="token punctuation" style="color: rgb(153, 153, 153);">(</span></span><span class="token string" style="color: rgb(85, 85, 85);">''view.name''</span><span class="token punctuation" style="color: rgb(153, 153, 153);">)</span><span class="token punctuation" style="color: rgb(153, 153, 153);">;</span> <span class="token delimiter">?&gt;</span></span></code></pre>				\r\n			', 'done', '2015-04-26 22:46:48', '2015-04-26 22:47:54', NULL),
(18, 3, '', '', 'draft', '2015-04-26 22:58:55', '2015-04-26 22:58:55', NULL),
(19, 3, '', '', 'draft', '2015-04-26 23:51:42', '2015-04-26 23:51:42', NULL),
(20, 3, '', '', 'draft', '2015-04-26 23:59:09', '2015-04-26 23:59:09', NULL),
(21, 3, '', '', 'draft', '2015-04-27 00:00:33', '2015-04-27 00:00:33', NULL),
(22, 3, '', '', 'draft', '2015-04-27 00:03:23', '2015-04-27 00:03:23', NULL);
INSERT INTO `messages` (`id`, `author_id`, `subject`, `message`, `status`, `created_at`, `updated_at`, `deleted_at`) VALUES
(23, 3, 'Decimo Tercer Mensaje de Prueba', '<p style="line-height: 1.5; margin-top: 10px; margin-bottom: 20px; color: rgb(82, 82, 82); font-family: ''Source Sans Pro'', sans-serif; font-size: 16px;">You may also access additional pagination information via the following methods:</p><ul style="color: rgb(82, 82, 82); font-family: ''Source Sans Pro'', sans-serif; font-size: 16px; line-height: normal;"><li><code class=" language-php" style="font-family: Consolas, Monaco, ''Andale Mono'', monospace; font-size: 13px; color: rgb(244, 100, 95); text-shadow: white 0px 1px; direction: ltr; white-space: pre; word-spacing: normal; word-break: normal; line-height: 1.5; tab-size: 4; border-radius: 3px; padding: 1px 5px; background: rgb(240, 242, 241);">getCurrentPage</code></li><li><code class=" language-php" style="font-family: Consolas, Monaco, ''Andale Mono'', monospace; font-size: 13px; color: rgb(244, 100, 95); text-shadow: white 0px 1px; direction: ltr; white-space: pre; word-spacing: normal; word-break: normal; line-height: 1.5; tab-size: 4; border-radius: 3px; padding: 1px 5px; background: rgb(240, 242, 241);">getLastPage</code></li><li><code class=" language-php" style="font-family: Consolas, Monaco, ''Andale Mono'', monospace; font-size: 13px; color: rgb(244, 100, 95); text-shadow: white 0px 1px; direction: ltr; white-space: pre; word-spacing: normal; word-break: normal; line-height: 1.5; tab-size: 4; border-radius: 3px; padding: 1px 5px; background: rgb(240, 242, 241);">getPerPage</code></li><li><code class=" language-php" style="font-family: Consolas, Monaco, ''Andale Mono'', monospace; font-size: 13px; color: rgb(244, 100, 95); text-shadow: white 0px 1px; direction: ltr; white-space: pre; word-spacing: normal; word-break: normal; line-height: 1.5; tab-size: 4; border-radius: 3px; padding: 1px 5px; background: rgb(240, 242, 241);">getTotal</code></li><li><code class=" language-php" style="font-family: Consolas, Monaco, ''Andale Mono'', monospace; font-size: 13px; color: rgb(244, 100, 95); text-shadow: white 0px 1px; direction: ltr; white-space: pre; word-spacing: normal; word-break: normal; line-height: 1.5; tab-size: 4; border-radius: 3px; padding: 1px 5px; background: rgb(240, 242, 241);">getFrom</code></li><li><code class=" language-php" style="font-family: Consolas, Monaco, ''Andale Mono'', monospace; font-size: 13px; color: rgb(244, 100, 95); text-shadow: white 0px 1px; direction: ltr; white-space: pre; word-spacing: normal; word-break: normal; line-height: 1.5; tab-size: 4; border-radius: 3px; padding: 1px 5px; background: rgb(240, 242, 241);">getTo</code></li><li><code class=" language-php" style="font-family: Consolas, Monaco, ''Andale Mono'', monospace; font-size: 13px; color: rgb(244, 100, 95); text-shadow: white 0px 1px; direction: ltr; white-space: pre; word-spacing: normal; word-break: normal; line-height: 1.5; tab-size: 4; border-radius: 3px; padding: 1px 5px; background: rgb(240, 242, 241);">count</code></li></ul><h4 style="font-size: 18px; font-weight: 700; color: rgb(82, 82, 82); font-family: ''Source Sans Pro'', sans-serif; line-height: normal;">"Simple Pagination"</h4><p style="line-height: 1.5; margin-top: 10px; margin-bottom: 20px; color: rgb(82, 82, 82); font-family: ''Source Sans Pro'', sans-serif; font-size: 16px;">If you are only showing "Next" and "Previous" links in your pagination view, you have the option of using the&nbsp;<code class=" language-php" style="font-family: Consolas, Monaco, ''Andale Mono'', monospace; font-size: 13px; color: rgb(244, 100, 95); padding: 1px 5px; border-radius: 3px; text-shadow: white 0px 1px; direction: ltr; white-space: pre; word-spacing: normal; word-break: normal; line-height: 1.5; tab-size: 4; background: rgb(240, 242, 241);">simplePaginate</code>&nbsp;method to perform a more efficient query. This is useful for larger datasets when you do not require the display of exact page numbers on your view:</p><pre class=" language-php" style="font-family: Consolas, Monaco, ''Andale Mono'', monospace; color: black; text-shadow: white 0px 1px; direction: ltr; word-break: normal; line-height: 1.5; tab-size: 4; padding: 1em; margin-top: 10px; margin-bottom: 20px; border-radius: 3px; background: rgb(240, 242, 241);"><code class=" language-php" style="font-family: Consolas, Monaco, ''Andale Mono'', monospace; font-size: 13px; color: black; text-shadow: white 0px 1px; direction: ltr; white-space: pre; word-spacing: normal; word-break: normal; line-height: 1.5; tab-size: 4;"><span class="token variable" style="color: rgb(78, 161, 223);">$someUsers</span> <span class="token operator" style="color: rgb(85, 85, 85);">=</span> <span class="token scope" style="color: rgb(246, 97, 83);">User<span class="token punctuation" style="color: rgb(153, 153, 153);">::</span></span><span class="token function" style="color: rgb(85, 85, 85);">where<span class="token punctuation" style="color: rgb(153, 153, 153);">(</span></span><span class="token string" style="color: rgb(85, 85, 85);">''votes''</span><span class="token punctuation" style="color: rgb(153, 153, 153);">,</span> <span class="token string" style="color: rgb(85, 85, 85);">''&gt;''</span><span class="token punctuation" style="color: rgb(153, 153, 153);">,</span> <span class="token number" style="color: rgb(218, 86, 74);">100</span><span class="token punctuation" style="color: rgb(153, 153, 153);">)</span><span class="token operator" style="color: rgb(85, 85, 85);">-</span><span class="token operator" style="color: rgb(85, 85, 85);">&gt;</span><span class="token function" style="color: rgb(85, 85, 85);">simplePaginate<span class="token punctuation" style="color: rgb(153, 153, 153);">(</span></span><span class="token number" style="color: rgb(218, 86, 74);">15</span><span class="token punctuation" style="color: rgb(153, 153, 153);">)</span><span class="token punctuation" style="color: rgb(153, 153, 153);">;</span></code></pre>				\r\n			', 'done', '2015-04-27 00:12:50', '2015-04-27 00:14:03', NULL),
(24, 1, 'Segundo Mensaje Borrador de Prueba', '				\r\n			<p style="line-height: 1.5; margin-top: 10px; margin-bottom: 20px; color: rgb(82, 82, 82); font-family: ''Source Sans Pro'', sans-serif; font-size: 16px;">You may also access additional pagination information via the following methods:</p><ul style="color: rgb(82, 82, 82); font-family: ''Source Sans Pro'', sans-serif; font-size: 16px; line-height: normal;"><li><code class=" language-php" style="font-family: Consolas, Monaco, ''Andale Mono'', monospace; font-size: 13px; color: rgb(244, 100, 95); text-shadow: white 0px 1px; direction: ltr; white-space: pre; word-spacing: normal; word-break: normal; line-height: 1.5; tab-size: 4; border-radius: 3px; padding: 1px 5px; background: rgb(240, 242, 241);">getCurrentPage</code></li><li><code class=" language-php" style="font-family: Consolas, Monaco, ''Andale Mono'', monospace; font-size: 13px; color: rgb(244, 100, 95); text-shadow: white 0px 1px; direction: ltr; white-space: pre; word-spacing: normal; word-break: normal; line-height: 1.5; tab-size: 4; border-radius: 3px; padding: 1px 5px; background: rgb(240, 242, 241);">getLastPage</code></li><li><code class=" language-php" style="font-family: Consolas, Monaco, ''Andale Mono'', monospace; font-size: 13px; color: rgb(244, 100, 95); text-shadow: white 0px 1px; direction: ltr; white-space: pre; word-spacing: normal; word-break: normal; line-height: 1.5; tab-size: 4; border-radius: 3px; padding: 1px 5px; background: rgb(240, 242, 241);">getPerPage</code></li><li><code class=" language-php" style="font-family: Consolas, Monaco, ''Andale Mono'', monospace; font-size: 13px; color: rgb(244, 100, 95); text-shadow: white 0px 1px; direction: ltr; white-space: pre; word-spacing: normal; word-break: normal; line-height: 1.5; tab-size: 4; border-radius: 3px; padding: 1px 5px; background: rgb(240, 242, 241);">getTotal</code></li><li><code class=" language-php" style="font-family: Consolas, Monaco, ''Andale Mono'', monospace; font-size: 13px; color: rgb(244, 100, 95); text-shadow: white 0px 1px; direction: ltr; white-space: pre; word-spacing: normal; word-break: normal; line-height: 1.5; tab-size: 4; border-radius: 3px; padding: 1px 5px; background: rgb(240, 242, 241);">getFrom</code></li><li><code class=" language-php" style="font-family: Consolas, Monaco, ''Andale Mono'', monospace; font-size: 13px; color: rgb(244, 100, 95); text-shadow: white 0px 1px; direction: ltr; white-space: pre; word-spacing: normal; word-break: normal; line-height: 1.5; tab-size: 4; border-radius: 3px; padding: 1px 5px; background: rgb(240, 242, 241);">getTo</code></li><li><code class=" language-php" style="font-family: Consolas, Monaco, ''Andale Mono'', monospace; font-size: 13px; color: rgb(244, 100, 95); text-shadow: white 0px 1px; direction: ltr; white-space: pre; word-spacing: normal; word-break: normal; line-height: 1.5; tab-size: 4; border-radius: 3px; padding: 1px 5px; background: rgb(240, 242, 241);">count</code></li></ul><h4 style="font-size: 18px; font-weight: 700; color: rgb(82, 82, 82); font-family: ''Source Sans Pro'', sans-serif; line-height: normal;">"Simple Pagination"</h4><p style="line-height: 1.5; margin-top: 10px; margin-bottom: 20px; color: rgb(82, 82, 82); font-family: ''Source Sans Pro'', sans-serif; font-size: 16px;">If you are only showing "Next" and "Previous" links in your pagination view, you have the option of using the&nbsp;<code class=" language-php" style="font-family: Consolas, Monaco, ''Andale Mono'', monospace; font-size: 13px; color: rgb(244, 100, 95); padding: 1px 5px; border-radius: 3px; text-shadow: white 0px 1px; direction: ltr; white-space: pre; word-spacing: normal; word-break: normal; line-height: 1.5; tab-size: 4; background: rgb(240, 242, 241);">simplePaginate</code>&nbsp;method to perform a more efficient query. This is useful for larger datasets when you do not require the display of exact page numbers on your view:</p><pre class=" language-php" style="font-family: Consolas, Monaco, ''Andale Mono'', monospace; color: black; text-shadow: white 0px 1px; direction: ltr; word-break: normal; line-height: 1.5; tab-size: 4; padding: 1em; margin-top: 10px; margin-bottom: 20px; border-radius: 3px; background: rgb(240, 242, 241);"><code class=" language-php" style="font-family: Consolas, Monaco, ''Andale Mono'', monospace; font-size: 13px; color: black; text-shadow: white 0px 1px; direction: ltr; white-space: pre; word-spacing: normal; word-break: normal; line-height: 1.5; tab-size: 4;"><span class="token variable" style="color: rgb(78, 161, 223);">$someUsers</span> <span class="token operator" style="color: rgb(85, 85, 85);">=</span> <span class="token scope" style="color: rgb(246, 97, 83);">User<span class="token punctuation" style="color: rgb(153, 153, 153);">::</span></span><span class="token function" style="color: rgb(85, 85, 85);">where<span class="token punctuation" style="color: rgb(153, 153, 153);">(</span></span><span class="token string" style="color: rgb(85, 85, 85);">''votes''</span><span class="token punctuation" style="color: rgb(153, 153, 153);">,</span> <span class="token string" style="color: rgb(85, 85, 85);">''&gt;''</span><span class="token punctuation" style="color: rgb(153, 153, 153);">,</span> <span class="token number" style="color: rgb(218, 86, 74);">100</span><span class="token punctuation" style="color: rgb(153, 153, 153);">)</span><span class="token operator" style="color: rgb(85, 85, 85);">-</span><span class="token operator" style="color: rgb(85, 85, 85);">&gt;</span><span class="token function" style="color: rgb(85, 85, 85);">simplePaginate<span class="token punctuation" style="color: rgb(153, 153, 153);">(</span></span><span class="token number" style="color: rgb(218, 86, 74);">15</span><span class="token punctuation" style="color: rgb(153, 153, 153);">)</span><span class="token punctuation" style="color: rgb(153, 153, 153);">;</span></code></pre>', 'done', '2015-04-27 03:30:40', '2015-04-27 03:36:13', NULL),
(25, 3, 'Primer Correo de Adjuntos de Prueba', '<div class="method-item" style="margin-bottom: 30px;"><h3 id="method_exists" style="font-family: inherit; margin-bottom: 20px; font-size: 20px; padding: 4px; background-color: rgb(238, 238, 238);"><code style="font-family: Consolas, ''Liberation Mono'', Menlo, Courier, monospace; font-size: 17px; padding: 0.2em 0px; color: rgb(51, 51, 51); border-radius: 3px; margin: 0px; background-color: rgb(238, 238, 238);">bool&nbsp;<strong>exists</strong>(string $path)</code></h3><div class="details" style="padding-left: 30px;"><div class="method-description" style="margin: 0px 0px 24px;"><p>Determine if a file exists.</p></div><div class="tags"><h4 style="font-family: inherit; font-size: 18px;">Parameters</h4><table class="table table-condensed" style="width: 989px;"><tbody><tr><td style="border-top-width: 1px; border-top-style: solid; border-top-color: rgb(221, 221, 221);">string</td><td style="border-top-width: 1px; border-top-style: solid; border-top-color: rgb(221, 221, 221);">$path</td><td style="border-top-width: 1px; border-top-style: solid; border-top-color: rgb(221, 221, 221);"></td></tr></tbody></table><h4 style="font-family: inherit; font-size: 18px;">Return Value</h4><table class="table table-condensed" style="width: 989px;"><tbody><tr><td style="border-top-width: 1px; border-top-style: solid; border-top-color: rgb(221, 221, 221);">bool</td><td style="border-top-width: 1px; border-top-style: solid; border-top-color: rgb(221, 221, 221);"></td></tr></tbody></table></div></div></div><div class="method-item" style="margin-bottom: 30px;"><h3 id="method_get" style="font-family: inherit; margin-bottom: 20px; font-size: 20px; padding: 4px; background-color: rgb(238, 238, 238);"><div class="location" style="font-size: 11px; float: right; font-style: italic;">at line 27</div><code style="font-family: Consolas, ''Liberation Mono'', Menlo, Courier, monospace; font-size: 17px; padding: 0.2em 0px; color: rgb(51, 51, 51); border-radius: 3px; margin: 0px; background-color: rgb(238, 238, 238);">string&nbsp;<strong>get</strong>(string $path)</code></h3><div class="details" style="padding-left: 30px;"><div class="method-description" style="margin: 0px 0px 24px;"><p>Get the contents of a file.</p></div><div class="tags"><h4 style="font-family: inherit; font-size: 18px;">Parameters</h4><table class="table table-condensed" style="width: 989px;"><tbody><tr><td style="border-top-width: 1px; border-top-style: solid; border-top-color: rgb(221, 221, 221);">string</td><td style="border-top-width: 1px; border-top-style: solid; border-top-color: rgb(221, 221, 221);">$path</td><td style="border-top-width: 1px; border-top-style: solid; border-top-color: rgb(221, 221, 221);"></td></tr></tbody></table><h4 style="font-family: inherit; font-size: 18px;">Return Value</h4><table class="table table-condensed" style="width: 989px;"><tbody><tr><td style="border-top-width: 1px; border-top-style: solid; border-top-color: rgb(221, 221, 221);">string</td><td style="border-top-width: 1px; border-top-style: solid; border-top-color: rgb(221, 221, 221);"></td></tr></tbody></table><h4 style="font-family: inherit; font-size: 18px;">Exceptions</h4><table class="table table-condensed" style="width: 989px;"><tbody><tr><td style="border-top-width: 1px; border-top-style: solid; border-top-color: rgb(221, 221, 221);"><a href="http://laravel.com/api/4.2/Illuminate/Filesystem/FileNotFoundException.html" style="color: rgb(66, 139, 202);">FileNotFoundException</a></td><td style="border-top-width: 1px; border-top-style: solid; border-top-color: rgb(221, 221, 221);"></td></tr></tbody></table></div></div></div><div class="method-item" style="margin-bottom: 30px;"><h3 id="method_getRequire" style="font-family: inherit; margin-bottom: 20px; font-size: 20px; padding: 4px; background-color: rgb(238, 238, 238);"><div class="location" style="font-size: 11px; float: right; font-style: italic;">at line 42</div><code style="font-family: Consolas, ''Liberation Mono'', Menlo, Courier, monospace; font-size: 17px; padding: 0.2em 0px; color: rgb(51, 51, 51); border-radius: 3px; margin: 0px; background-color: rgb(238, 238, 238);">mixed&nbsp;<strong>getRequire</strong>(string $path)</code></h3><div class="details" style="padding-left: 30px;"><div class="method-description" style="margin: 0px 0px 24px;"><p>Get the returned value of a file.</p></div><div class="tags"><h4 style="font-family: inherit; font-size: 18px;">Parameters</h4><table class="table table-condensed" style="width: 989px;"><tbody><tr><td style="border-top-width: 1px; border-top-style: solid; border-top-color: rgb(221, 221, 221);">string</td><td style="border-top-width: 1px; border-top-style: solid; border-top-color: rgb(221, 221, 221);">$path</td><td style="border-top-width: 1px; border-top-style: solid; border-top-color: rgb(221, 221, 221);"></td></tr></tbody></table><h4 style="font-family: inherit; font-size: 18px;">Return Value</h4><table class="table table-condensed" style="width: 989px;"><tbody><tr><td style="border-top-width: 1px; border-top-style: solid; border-top-color: rgb(221, 221, 221);">mixed</td><td style="border-top-width: 1px; border-top-style: solid; border-top-color: rgb(221, 221, 221);"></td></tr></tbody></table><h4 style="font-family: inherit; font-size: 18px;">Exceptions</h4><table class="table table-condensed" style="width: 989px;"><tbody><tr><td style="border-top-width: 1px; border-top-style: solid; border-top-color: rgb(221, 221, 221);"><a href="http://laravel.com/api/4.2/Illuminate/Filesystem/FileNotFoundException.html" style="color: rgb(66, 139, 202);">FileNotFoundException</a></td><td style="border-top-width: 1px; border-top-style: solid; border-top-color: rgb(221, 221, 221);"><br></td></tr></tbody></table></div></div></div>				\r\n			', 'done', '2015-04-27 19:52:18', '2015-04-27 19:54:31', NULL),
(26, 3, '', '', 'draft', '2015-04-28 04:02:31', '2015-04-28 04:02:31', NULL),
(27, 3, '', '', 'draft', '2015-04-28 04:06:09', '2015-04-28 04:06:09', NULL),
(28, 3, '', '', 'draft', '2015-04-28 04:08:57', '2015-04-28 04:08:57', NULL),
(29, 3, '', '', 'draft', '2015-04-28 04:09:26', '2015-04-28 04:09:26', NULL),
(30, 3, '', '', 'draft', '2015-04-28 04:10:08', '2015-04-28 04:10:08', NULL),
(31, 3, '', '', 'draft', '2015-04-28 04:12:09', '2015-04-28 04:12:09', NULL),
(32, 3, '', '', 'draft', '2015-04-28 04:25:19', '2015-04-28 04:25:19', NULL),
(33, 3, '', '', 'draft', '2015-04-28 04:25:33', '2015-04-28 04:25:33', NULL),
(34, 3, '', '', 'draft', '2015-04-28 04:26:16', '2015-04-28 04:26:16', NULL),
(35, 3, '', '				\r\n			', 'done', '2015-04-28 04:26:53', '2015-04-28 04:27:01', NULL),
(36, 3, '', '', 'draft', '2015-04-28 04:28:02', '2015-04-28 04:28:02', NULL),
(37, 3, '', '', 'draft', '2015-04-28 04:30:18', '2015-04-28 04:30:18', NULL),
(38, 3, '', '', 'draft', '2015-04-28 04:31:08', '2015-04-28 04:31:08', NULL),
(39, 3, '', '', 'draft', '2015-04-28 04:32:49', '2015-04-28 04:32:49', NULL),
(40, 3, '', '', 'draft', '2015-04-28 04:33:55', '2015-04-28 04:33:55', NULL),
(41, 3, '', '', 'draft', '2015-04-28 04:37:07', '2015-04-28 04:37:07', NULL),
(42, 3, '', '', 'draft', '2015-04-28 04:39:51', '2015-04-28 04:39:51', NULL),
(43, 3, '', '', 'draft', '2015-04-28 04:41:39', '2015-04-28 04:41:39', NULL),
(44, 3, '', '', 'draft', '2015-04-28 04:42:29', '2015-04-28 04:42:29', NULL),
(45, 3, '', '', 'draft', '2015-04-28 04:46:15', '2015-04-28 04:46:15', NULL),
(46, 3, '', '', 'draft', '2015-04-28 04:48:28', '2015-04-28 04:48:28', NULL),
(47, 3, 'Mensaje de Borrador de Prueba', 'Este es en contenido del mensaje', 'done', '2015-04-28 05:07:55', '2015-04-28 05:08:36', NULL),
(48, 3, '', '', 'draft', '2015-04-28 05:09:05', '2015-04-28 05:09:05', NULL),
(49, 3, 'Segundo Mensaje de Borrador de Prueba', 'Este es el Contenido del Correo', 'done', '2015-04-28 05:09:23', '2015-04-28 05:10:01', NULL),
(50, 3, 'Tercer Mensaje de Borrador de Prueba', 'Contenido del Mensaje', 'done', '2015-04-28 05:11:29', '2015-04-28 05:12:01', NULL),
(51, 3, 'Cuarto Mensaje de Borrador de Prueba', 'Correo de Prueba', 'done', '2015-04-28 05:12:28', '2015-04-28 05:12:54', NULL),
(52, 3, '', '', 'draft', '2015-04-28 05:13:25', '2015-04-28 05:13:25', NULL),
(53, 3, '', '', 'draft', '2015-04-28 05:14:55', '2015-04-28 05:14:55', NULL),
(54, 3, 'Septimo Mensaje de Borrador de Prueba', '								Contenido del Mensaje\r\n			\r\n			', 'draft', '2015-04-28 05:17:27', '2015-05-02 21:40:56', NULL),
(55, 3, 'Asunto de Borrador', '				Contenido de Borrador\r\n			', 'done', '2015-05-02 21:44:21', '2015-05-02 22:09:13', NULL),
(56, 3, '', '', 'draft', '2015-05-02 22:09:34', '2015-05-02 22:09:34', NULL),
(57, 3, 'Re: ', '', 'draft', '2015-05-02 22:23:29', '2015-05-02 22:23:29', NULL),
(58, 3, 'Re: Asunto de Borrador', '\n                &lt;br&gt;\n                &lt;br&gt;\n				&lt;blockquote style="font-size:1em" &gt;				Contenido de Borrador\r\n			&lt;/blockquote&gt;', 'draft', '2015-05-02 22:26:09', '2015-05-02 22:26:09', NULL),
(59, 3, 'Re: Asunto de Borrador', '\n                &lt;br&gt;\n                &lt;br&gt;\n				&lt;blockquote style="font-size:1em" &gt;				Contenido de Borrador\r\n			&lt;/blockquote&gt;', 'draft', '2015-05-02 22:31:14', '2015-05-02 22:31:14', NULL),
(60, 3, 'Re: Asunto de Borrador', '', 'draft', '2015-05-02 22:34:52', '2015-05-02 22:36:43', NULL),
(61, 3, 'Re: Asunto de Borrador', '\n                &lt;br&gt;\n                &lt;br&gt;\n				&lt;blockquote style="font-size:1em" &gt;				Contenido de Borrador\r\n			&lt;/blockquote&gt;', 'draft', '2015-05-02 22:41:08', '2015-05-02 22:41:08', NULL),
(62, 3, 'Re: Asunto de Borrador', '', 'draft', '2015-05-02 22:42:27', '2015-05-02 22:43:23', NULL),
(63, 3, 'Re: Asunto de Borrador', '\n                &lt;br&gt;\n                &lt;br&gt;\n				&lt;blockquote style="font-size:1em" &gt;				Contenido de Borrador\r\n			&lt;/blockquote&gt;', 'draft', '2015-05-02 22:45:00', '2015-05-02 22:45:00', NULL),
(64, 3, 'Re: Asunto de Borrador', '\n                &lt;br&gt;\n                &lt;br&gt;\n				&lt;blockquote style="font-size:1em" &gt;				Contenido de Borrador\r\n			&lt;/blockquote&gt;', 'draft', '2015-05-02 22:47:59', '2015-05-02 22:47:59', NULL),
(65, 3, 'Re: Asunto de Borrador', '\n                &lt;br&gt;\n                &lt;br&gt;\n				&lt;blockquote style="font-size:1em" &gt;				Contenido de Borrador\r\n			&lt;/blockquote&gt;', 'draft', '2015-05-02 22:49:23', '2015-05-02 22:49:23', NULL),
(66, 3, 'Re: Asunto de Borrador', '                \r\n                Nuevo Contenido<br>\r\n                <br>\r\n				<blockquote style="font-size:1em">				Contenido de Borrador\r\n			</blockquote>\r\n			', 'done', '2015-05-02 22:54:39', '2015-05-02 22:54:55', NULL),
(67, 3, 'Re: Re: Asunto de Borrador', '\n                &lt;br&gt;\n                &lt;br&gt;\n				&lt;blockquote style="font-size:1em" &gt;                \r\n                Nuevo Contenido<br>\r\n                <br>\r\n				<blockquote style="font-size:1em">				Contenido de Borrador\r\n			</blockquote>\r\n			&lt;/blockquote&gt;', 'draft', '2015-05-02 22:55:13', '2015-05-02 22:55:13', NULL),
(68, 3, 'Re: Asunto de Borrador', '\n                &lt;br&gt;\n                &lt;br&gt;\n				&lt;blockquote style="font-size:1em" &gt;				Contenido de Borrador\r\n			&lt;/blockquote&gt;', 'draft', '2015-05-02 22:57:40', '2015-05-02 22:57:40', NULL),
(69, 3, 'Re: Asunto de Borrador', '\n                &lt;br&gt;\n                &lt;br&gt;\n				&lt;blockquote style="font-size:1em" &gt;				Contenido de Borrador\r\n			&lt;/blockquote&gt;', 'draft', '2015-05-02 22:58:45', '2015-05-02 22:58:45', NULL),
(70, 3, 'Re: Asunto de Borrador', '\n                &lt;br&gt;\n                &lt;br&gt;\n				&lt;blockquote style="font-size:1em" &gt;				Contenido de Borrador\r\n			&lt;/blockquote&gt;', 'draft', '2015-05-02 23:08:22', '2015-05-02 23:08:22', NULL),
(71, 3, 'Re: Asunto de Borrador', '\n                &lt;br&gt;\n                &lt;br&gt;\n				&lt;blockquote style="font-size:1em" &gt;				Contenido de Borrador\r\n			&lt;/blockquote&gt;', 'draft', '2015-05-02 23:13:50', '2015-05-02 23:13:50', NULL),
(72, 3, 'Re: Asunto de Borrador', '\n                &lt;br&gt;\n                &lt;br&gt;\n				&lt;blockquote style="font-size:1em" &gt;				Contenido de Borrador\r\n			&lt;/blockquote&gt;', 'draft', '2015-05-02 23:15:13', '2015-05-06 07:36:08', '2015-05-06 07:36:08'),
(73, 3, 'Re: Asunto de Borrador', '\n                &lt;br&gt;\n                &lt;br&gt;\n				&lt;blockquote style="font-size:1em" &gt;				Contenido de Borrador\r\n			&lt;/blockquote&gt;', 'draft', '2015-05-02 23:21:05', '2015-05-05 06:44:21', '2015-05-05 06:44:21'),
(74, 3, 'Re: Asunto de Borrador', '\n                &lt;br&gt;\n                &lt;br&gt;\n				&lt;blockquote style="font-size:1em" &gt;				Contenido de Borrador\r\n			&lt;/blockquote&gt;', 'draft', '2015-05-02 23:30:39', '2015-05-05 06:44:21', '2015-05-05 06:44:21'),
(75, 3, 'Re: Asunto de Borrador', '\n                &lt;br&gt;\n                &lt;br&gt;\n				&lt;blockquote style="font-size:1em" &gt;				Contenido de Borrador\r\n			&lt;/blockquote&gt;', 'draft', '2015-05-02 23:32:21', '2015-05-05 06:44:20', '2015-05-05 06:44:20'),
(76, 3, 'Re: Asunto de Borrador', '\n                &lt;br&gt;\n                &lt;br&gt;\n				&lt;blockquote style="font-size:1em" &gt;				Contenido de Borrador\r\n			&lt;/blockquote&gt;', 'draft', '2015-05-02 23:34:07', '2015-05-05 06:44:03', '2015-05-05 06:44:03'),
(77, 3, 'Re: Asunto de Borrador', '				                \n                Este es el nuevo contenido de borrador&lt;br&gt;\n                &lt;br&gt;\n				&lt;blockquote style="font-size:1em"&gt;				Contenido de Borrador\n			&lt;/blockquote&gt;\n			\n			', 'draft', '2015-05-02 23:35:51', '2015-05-05 06:44:03', '2015-05-05 06:44:03');

-- --------------------------------------------------------

--
-- Estructura de tabla para la tabla `migrations`
--

CREATE TABLE IF NOT EXISTS `migrations` (
  `migration` varchar(255) COLLATE utf8_unicode_ci NOT NULL,
  `batch` int(11) NOT NULL
) ENGINE=InnoDB DEFAULT CHARSET=utf8 COLLATE=utf8_unicode_ci;

--
-- Volcado de datos para la tabla `migrations`
--

INSERT INTO `migrations` (`migration`, `batch`) VALUES
('2015_03_03_032502_create_users_table', 1),
('2015_03_03_032611_create_roles_table', 1),
('2015_03_03_032758_create_capabilities_table', 1),
('2015_03_03_033253_create_capability_role_table', 1),
('2015_03_03_033439_create_user_profiles_table', 1),
('2015_03_03_033552_create_achievements_table', 1),
('2015_03_03_033702_create_user_achievements_table', 1),
('2015_03_03_033829_create_tests_table', 1),
('2015_03_03_033939_create_contributors_table', 1),
('2015_03_03_034043_create_inscriptions_table', 1),
('2015_03_03_034229_create_auditories_table', 1),
('2015_03_03_034417_create_evaluations_table', 1),
('2015_03_03_034624_create_user_course_achievements_table', 1),
('2015_03_03_034724_create_course_achievements_table', 1),
('2015_03_03_034827_create_courses_table', 1),
('2015_03_03_034940_create_notes_table', 1),
('2015_03_03_035041_create_modules_table', 1),
('2015_03_03_035139_create_lessons_table', 1),
('2015_03_03_035240_create_user_lessons_table', 1),
('2015_03_04_022402_create_attachments_table', 1),
('2015_03_04_023032_create_discussions_table', 1),
('2015_03_04_023330_create_discussions_karma_table', 1),
('2015_03_04_045137_create_links_table', 1),
('2015_03_06_014052_create_messages_table', 1),
('2015_03_06_014155_create_user_messages_table', 1),
('2015_03_07_022824_create_follows_table', 1),
('2015_03_10_042914_create_rpsls_questions_table', 1),
('2015_03_10_044227_create_rpsls_answers_table', 1),
('2015_03_14_204854_create_hangman_questions_table', 1),
('2015_03_15_173009_create_memory_questions_table', 1),
('2015_03_15_173110_create_roulette_questions_table', 1),
('2015_03_20_002141_create_roulette_answers_table', 1);

-- --------------------------------------------------------

--
-- Estructura de tabla para la tabla `modules`
--

CREATE TABLE IF NOT EXISTS `modules` (
  `id` int(10) unsigned NOT NULL AUTO_INCREMENT,
  `course_id` int(11) NOT NULL,
  `name` varchar(255) COLLATE utf8_unicode_ci NOT NULL,
  `title` varchar(255) COLLATE utf8_unicode_ci NOT NULL,
  `status` varchar(255) COLLATE utf8_unicode_ci NOT NULL,
  `created_at` timestamp NOT NULL DEFAULT '0000-00-00 00:00:00',
  `updated_at` timestamp NOT NULL DEFAULT '0000-00-00 00:00:00',
  `deleted_at` timestamp NULL DEFAULT NULL,
  PRIMARY KEY (`id`)
) ENGINE=InnoDB DEFAULT CHARSET=utf8 COLLATE=utf8_unicode_ci AUTO_INCREMENT=1 ;

-- --------------------------------------------------------

--
-- Estructura de tabla para la tabla `notes`
--

CREATE TABLE IF NOT EXISTS `notes` (
  `id` int(10) unsigned NOT NULL AUTO_INCREMENT,
  `lesson_id` int(11) NOT NULL,
  `user_id` int(11) NOT NULL,
  `content` longtext COLLATE utf8_unicode_ci NOT NULL,
  `created_at` timestamp NOT NULL DEFAULT '0000-00-00 00:00:00',
  `updated_at` timestamp NOT NULL DEFAULT '0000-00-00 00:00:00',
  `deleted_at` timestamp NULL DEFAULT NULL,
  PRIMARY KEY (`id`)
) ENGINE=InnoDB DEFAULT CHARSET=utf8 COLLATE=utf8_unicode_ci AUTO_INCREMENT=1 ;

-- --------------------------------------------------------

--
-- Estructura de tabla para la tabla `roles`
--

CREATE TABLE IF NOT EXISTS `roles` (
  `id` int(10) unsigned NOT NULL AUTO_INCREMENT,
  `name` varchar(255) COLLATE utf8_unicode_ci NOT NULL,
  `title` varchar(255) COLLATE utf8_unicode_ci NOT NULL,
  `description` text COLLATE utf8_unicode_ci NOT NULL,
  `status` varchar(255) COLLATE utf8_unicode_ci NOT NULL,
  `dashboard_id` int(11) NOT NULL,
  `created_at` timestamp NOT NULL DEFAULT '0000-00-00 00:00:00',
  `updated_at` timestamp NOT NULL DEFAULT '0000-00-00 00:00:00',
  `deleted_at` timestamp NULL DEFAULT NULL,
  PRIMARY KEY (`id`)
) ENGINE=InnoDB  DEFAULT CHARSET=utf8 COLLATE=utf8_unicode_ci AUTO_INCREMENT=5 ;

--
-- Volcado de datos para la tabla `roles`
--

INSERT INTO `roles` (`id`, `name`, `title`, `description`, `status`, `dashboard_id`, `created_at`, `updated_at`, `deleted_at`) VALUES
(1, 'superadmin', 'Super Administrador', '', 'active', 1, '2015-03-25 07:53:01', '2015-03-25 07:53:01', NULL),
(2, 'coordinator', 'Coordinador', '', 'active', 21, '2015-03-25 07:53:01', '2015-04-02 08:12:18', NULL),
(3, 'teacher', 'Profesor', '', 'active', 0, '2015-03-25 07:53:02', '2015-03-25 07:53:02', NULL),
(4, 'student', 'Estudiante', '', 'active', 0, '2015-03-25 07:53:02', '2015-03-25 07:53:02', NULL);

-- --------------------------------------------------------

--
-- Estructura de tabla para la tabla `roulette_answers`
--

CREATE TABLE IF NOT EXISTS `roulette_answers` (
  `id` int(10) unsigned NOT NULL AUTO_INCREMENT,
  `question_id` int(11) NOT NULL,
  `answer` text COLLATE utf8_unicode_ci NOT NULL,
  `is_correct` tinyint(1) NOT NULL,
  `created_at` timestamp NOT NULL DEFAULT '0000-00-00 00:00:00',
  `updated_at` timestamp NOT NULL DEFAULT '0000-00-00 00:00:00',
  `deleted_at` timestamp NULL DEFAULT NULL,
  PRIMARY KEY (`id`)
) ENGINE=InnoDB  DEFAULT CHARSET=utf8 COLLATE=utf8_unicode_ci AUTO_INCREMENT=13 ;

--
-- Volcado de datos para la tabla `roulette_answers`
--

INSERT INTO `roulette_answers` (`id`, `question_id`, `answer`, `is_correct`, `created_at`, `updated_at`, `deleted_at`) VALUES
(1, 1, '4', 1, '2015-03-26 02:02:43', '2015-03-26 02:02:43', NULL),
(2, 1, '3', 0, '2015-03-26 02:02:43', '2015-03-26 02:02:43', NULL),
(3, 1, '-4', 0, '2015-03-26 02:02:44', '2015-03-26 02:02:44', NULL),
(4, 1, '5', 0, '2015-03-26 02:02:44', '2015-03-26 02:02:44', NULL),
(5, 2, '12', 1, '2015-03-26 02:03:09', '2015-03-26 02:03:09', NULL),
(6, 2, '10', 0, '2015-03-26 02:03:09', '2015-03-26 02:03:09', NULL),
(7, 2, '0', 0, '2015-03-26 02:03:09', '2015-03-26 02:03:09', NULL),
(8, 2, '9', 0, '2015-03-26 02:03:09', '2015-03-26 02:03:09', NULL),
(9, 3, '16', 1, '2015-03-26 02:03:45', '2015-03-26 02:03:45', NULL),
(10, 3, '14', 0, '2015-03-26 02:03:45', '2015-03-26 02:03:45', NULL),
(11, 3, '18', 0, '2015-03-26 02:03:45', '2015-03-26 02:03:45', NULL),
(12, 3, '20', 0, '2015-03-26 02:03:45', '2015-03-26 02:03:45', NULL);

-- --------------------------------------------------------

--
-- Estructura de tabla para la tabla `roulette_questions`
--

CREATE TABLE IF NOT EXISTS `roulette_questions` (
  `id` int(10) unsigned NOT NULL AUTO_INCREMENT,
  `evaluation_id` int(11) NOT NULL,
  `question` text COLLATE utf8_unicode_ci NOT NULL,
  `created_at` timestamp NOT NULL DEFAULT '0000-00-00 00:00:00',
  `updated_at` timestamp NOT NULL DEFAULT '0000-00-00 00:00:00',
  `deleted_at` timestamp NULL DEFAULT NULL,
  PRIMARY KEY (`id`)
) ENGINE=InnoDB  DEFAULT CHARSET=utf8 COLLATE=utf8_unicode_ci AUTO_INCREMENT=4 ;

--
-- Volcado de datos para la tabla `roulette_questions`
--

INSERT INTO `roulette_questions` (`id`, `evaluation_id`, `question`, `created_at`, `updated_at`, `deleted_at`) VALUES
(1, 0, '2+2', '2015-03-26 02:02:43', '2015-03-26 02:02:43', NULL),
(2, 0, '2*6', '2015-03-26 02:03:09', '2015-03-26 02:03:09', NULL),
(3, 0, '56-40', '2015-03-26 02:03:45', '2015-03-26 02:03:45', NULL);

-- --------------------------------------------------------

--
-- Estructura de tabla para la tabla `rpsls_answers`
--

CREATE TABLE IF NOT EXISTS `rpsls_answers` (
  `id` int(10) unsigned NOT NULL AUTO_INCREMENT,
  `question_id` int(11) NOT NULL,
  `answer` text COLLATE utf8_unicode_ci NOT NULL,
  `is_correct` tinyint(1) NOT NULL,
  `created_at` timestamp NOT NULL DEFAULT '0000-00-00 00:00:00',
  `updated_at` timestamp NOT NULL DEFAULT '0000-00-00 00:00:00',
  `deleted_at` timestamp NULL DEFAULT NULL,
  PRIMARY KEY (`id`)
) ENGINE=InnoDB  DEFAULT CHARSET=utf8 COLLATE=utf8_unicode_ci AUTO_INCREMENT=16 ;

--
-- Volcado de datos para la tabla `rpsls_answers`
--

INSERT INTO `rpsls_answers` (`id`, `question_id`, `answer`, `is_correct`, `created_at`, `updated_at`, `deleted_at`) VALUES
(1, 1, 'Algoritmo', 1, '2015-03-25 21:11:47', '2015-03-25 21:11:47', NULL),
(2, 1, 'Programa', 0, '2015-03-25 21:11:47', '2015-03-25 21:11:47', NULL),
(3, 1, 'Software', 0, '2015-03-25 21:11:47', '2015-03-25 21:11:47', NULL),
(4, 1, 'Base de Datos', 0, '2015-03-25 21:11:47', '2015-03-25 21:11:47', NULL),
(5, 1, 'Dato', 0, '2015-03-25 21:11:47', '2015-03-25 21:11:47', NULL),
(6, 2, 'Software', 1, '2015-03-25 21:13:13', '2015-03-25 21:13:13', NULL),
(7, 2, 'Dato', 0, '2015-03-25 21:13:13', '2015-03-25 21:13:13', NULL),
(8, 2, 'Hardware', 0, '2015-03-25 21:13:13', '2015-03-25 21:13:13', NULL),
(9, 2, 'Información', 0, '2015-03-25 21:13:13', '2015-03-25 21:13:13', NULL),
(10, 2, 'Interfaz', 0, '2015-03-25 21:13:13', '2015-03-25 21:13:13', NULL),
(11, 3, 'Sistema operativo', 1, '2015-03-25 21:14:43', '2015-03-25 21:14:43', NULL),
(12, 3, 'Linux', 0, '2015-03-25 21:14:43', '2015-03-25 21:14:43', NULL),
(13, 3, 'Software', 0, '2015-03-25 21:14:43', '2015-03-25 21:14:43', NULL),
(14, 3, 'Hardware', 0, '2015-03-25 21:14:43', '2015-03-25 21:14:43', NULL),
(15, 3, 'Windows', 0, '2015-03-25 21:14:43', '2015-03-25 21:14:43', NULL);

-- --------------------------------------------------------

--
-- Estructura de tabla para la tabla `rpsls_questions`
--

CREATE TABLE IF NOT EXISTS `rpsls_questions` (
  `id` int(10) unsigned NOT NULL AUTO_INCREMENT,
  `evaluation_id` int(11) NOT NULL,
  `question` text COLLATE utf8_unicode_ci NOT NULL,
  `seconds` int(11) NOT NULL,
  `created_at` timestamp NOT NULL DEFAULT '0000-00-00 00:00:00',
  `updated_at` timestamp NOT NULL DEFAULT '0000-00-00 00:00:00',
  `deleted_at` timestamp NULL DEFAULT NULL,
  PRIMARY KEY (`id`)
) ENGINE=InnoDB  DEFAULT CHARSET=utf8 COLLATE=utf8_unicode_ci AUTO_INCREMENT=4 ;

--
-- Volcado de datos para la tabla `rpsls_questions`
--

INSERT INTO `rpsls_questions` (`id`, `evaluation_id`, `question`, `seconds`, `created_at`, `updated_at`, `deleted_at`) VALUES
(1, 0, 'Es un conjunto prescrito de instrucciones o reglas bien definidas, ordenadas y finitas que permite realizar una actividad mediante pasos sucesivos que no generen dudas a quien deba realizar dicha actividad', 120, '2015-03-25 21:11:47', '2015-03-25 21:11:47', NULL),
(2, 0, 'Es el equipamiento lógico o soporte lógico de un sistema informático, que comprende el conjunto de los componentes lógicos necesarios que hacen posible la realización de tareas específicas, en contraposición a los componentes físicos que son llamados hardware', 120, '2015-03-25 21:13:13', '2015-03-25 21:13:13', NULL),
(3, 0, 'Es un programa o conjunto de programas de un sistema informático que gestiona los recursos de hardware y provee servicios a los programas de aplicación, ejecutándose en modo privilegiado respecto de los restantes', 120, '2015-03-25 21:14:43', '2015-03-25 21:14:43', NULL);

-- --------------------------------------------------------

--
-- Estructura de tabla para la tabla `tests`
--

CREATE TABLE IF NOT EXISTS `tests` (
  `id` int(10) unsigned NOT NULL AUTO_INCREMENT,
  `user_id` int(11) NOT NULL,
  `evaluation_id` int(11) NOT NULL,
  `percentage` double(3,2) NOT NULL,
  `status` varchar(255) COLLATE utf8_unicode_ci NOT NULL,
  `created_at` timestamp NOT NULL DEFAULT '0000-00-00 00:00:00',
  `updated_at` timestamp NOT NULL DEFAULT '0000-00-00 00:00:00',
  `deleted_at` timestamp NULL DEFAULT NULL,
  PRIMARY KEY (`id`)
) ENGINE=InnoDB DEFAULT CHARSET=utf8 COLLATE=utf8_unicode_ci AUTO_INCREMENT=1 ;

-- --------------------------------------------------------

--
-- Estructura de tabla para la tabla `users`
--

CREATE TABLE IF NOT EXISTS `users` (
  `id` int(10) unsigned NOT NULL AUTO_INCREMENT,
  `role_id` int(11) NOT NULL,
  `first_name` varchar(255) COLLATE utf8_unicode_ci NOT NULL,
  `last_name` varchar(255) COLLATE utf8_unicode_ci NOT NULL,
  `email` varchar(255) COLLATE utf8_unicode_ci NOT NULL,
  `username` varchar(255) COLLATE utf8_unicode_ci NOT NULL,
  `display_name` varchar(255) COLLATE utf8_unicode_ci NOT NULL,
  `password` varchar(255) COLLATE utf8_unicode_ci NOT NULL,
  `status` varchar(255) COLLATE utf8_unicode_ci NOT NULL,
  `created_at` timestamp NOT NULL DEFAULT '0000-00-00 00:00:00',
  `updated_at` timestamp NOT NULL DEFAULT '0000-00-00 00:00:00',
  `deleted_at` timestamp NULL DEFAULT NULL,
  `remember_token` varchar(100) COLLATE utf8_unicode_ci DEFAULT NULL,
  PRIMARY KEY (`id`)
) ENGINE=InnoDB  DEFAULT CHARSET=utf8 COLLATE=utf8_unicode_ci AUTO_INCREMENT=8 ;

--
-- Volcado de datos para la tabla `users`
--

INSERT INTO `users` (`id`, `role_id`, `first_name`, `last_name`, `email`, `username`, `display_name`, `password`, `status`, `created_at`, `updated_at`, `deleted_at`, `remember_token`) VALUES
(1, 1, 'Alexis', 'Montenegro', 'amontenegro@magicmedia.com.ve', 'AlexanderZon', 'Alexis Montenegro', '$2y$10$UFeAB2ioRvtZOzzeSQaj0.zIwVXHug1j1CYEFYxf7q3zfeWPI9z36', 'active', '2015-03-25 07:53:03', '2015-04-27 18:20:37', NULL, NULL),
(2, 1, 'Antony Robert', 'Borges', 'aborges@magicmedia.com.ve', 'robertdacorte', 'Antony Borges', '$2y$10$nEJLkVkJzz2VE/mNWcOFoed2gmMZmelpfp2BQNYQv1Ro/ORFORn2u', 'inactive', '2015-03-25 07:53:03', '2015-04-01 07:46:01', NULL, NULL),
(3, 2, 'Fanny', 'Mictil', 'ugi.maracay@gmail.com', 'FannyMictil', 'Fanny Mictil', '$2y$10$wc9Y/RXl9FEPCOA4aHZLVuoyUxIxLdt0dz6BOBqPSGRWEB/d3rxIS', 'active', '2015-03-26 04:05:30', '2015-05-07 08:10:47', NULL, '1wMjAbtB3tSccAIZoFUYRmQgcTjFZpnJsGitICfj7KKEI7gZQ5YDkFqZWNkv'),
(4, 3, 'Inés', 'Cedeño', 'inescedeno@gmail.com', 'InesCedeno', 'Prof. Inés Cedeño', '$2y$10$LZynyWu3yiKHLl4TmefPIuFzZHJHfxq/5lLHwWteLFr6gcNzdF8/i', 'active', '2015-04-01 03:49:30', '2015-04-12 02:29:49', NULL, NULL),
(5, 3, 'Yasmin', 'Brito', 'yasminbrito_1@gmail.com', 'YasminBrito', 'Yasmin Brito', '$2y$10$4Oae35CwuI7Yh4CmqPgMaeU4dGF1lGo0kblPusm.qkhfiQNzq0cBi', 'inactive', '2015-04-12 02:49:06', '2015-04-12 04:29:35', '2015-04-12 04:29:35', NULL),
(6, 4, 'Carmini', 'Angúlo', 'caas2511@hotmail.com', 'caas', 'Carmini Angúlo', '$2y$10$t7Qz7u0nAFFfzWcZnsJ51uAk9.mphLq4.8lNdfxhjSuAPq5wv8JGm', 'active', '2015-04-12 05:11:39', '2015-04-12 05:15:53', NULL, NULL),
(7, 4, 'Mariana', 'Sanchez', 'marianasanchez@gmail.com', 'marianasanchez', 'Mariana Sanchez', '$2y$10$.B42grUZLDPHOrY5tmiG4.XaNMqKQKRjAw.8COw8Kt8maf5dezxga', 'inactive', '2015-04-12 05:18:22', '2015-04-12 05:19:00', '2015-04-12 05:19:00', NULL);

-- --------------------------------------------------------

--
-- Estructura de tabla para la tabla `user_achievements`
--

CREATE TABLE IF NOT EXISTS `user_achievements` (
  `id` int(10) unsigned NOT NULL AUTO_INCREMENT,
  `user_id` int(11) NOT NULL,
  `achievement_id` int(11) NOT NULL,
  `created_at` timestamp NOT NULL DEFAULT '0000-00-00 00:00:00',
  `updated_at` timestamp NOT NULL DEFAULT '0000-00-00 00:00:00',
  `deleted_at` timestamp NULL DEFAULT NULL,
  PRIMARY KEY (`id`)
) ENGINE=InnoDB DEFAULT CHARSET=utf8 COLLATE=utf8_unicode_ci AUTO_INCREMENT=1 ;

-- --------------------------------------------------------

--
-- Estructura de tabla para la tabla `user_course_achievements`
--

CREATE TABLE IF NOT EXISTS `user_course_achievements` (
  `id` int(10) unsigned NOT NULL AUTO_INCREMENT,
  `user_id` int(11) NOT NULL,
  `course_achievement_id` int(11) NOT NULL,
  `status` varchar(255) COLLATE utf8_unicode_ci NOT NULL,
  `created_at` timestamp NOT NULL DEFAULT '0000-00-00 00:00:00',
  `updated_at` timestamp NOT NULL DEFAULT '0000-00-00 00:00:00',
  `deleted_at` timestamp NULL DEFAULT NULL,
  PRIMARY KEY (`id`)
) ENGINE=InnoDB DEFAULT CHARSET=utf8 COLLATE=utf8_unicode_ci AUTO_INCREMENT=1 ;

-- --------------------------------------------------------

--
-- Estructura de tabla para la tabla `user_lessons`
--

CREATE TABLE IF NOT EXISTS `user_lessons` (
  `id` int(10) unsigned NOT NULL AUTO_INCREMENT,
  `lesson_id` int(11) NOT NULL,
  `user_id` int(11) NOT NULL,
  `status` varchar(255) COLLATE utf8_unicode_ci NOT NULL,
  `created_at` timestamp NOT NULL DEFAULT '0000-00-00 00:00:00',
  `updated_at` timestamp NOT NULL DEFAULT '0000-00-00 00:00:00',
  `deleted_at` timestamp NULL DEFAULT NULL,
  PRIMARY KEY (`id`)
) ENGINE=InnoDB DEFAULT CHARSET=utf8 COLLATE=utf8_unicode_ci AUTO_INCREMENT=1 ;

-- --------------------------------------------------------

--
-- Estructura de tabla para la tabla `user_messages`
--

CREATE TABLE IF NOT EXISTS `user_messages` (
  `id` int(10) unsigned NOT NULL AUTO_INCREMENT,
  `message_id` int(10) unsigned NOT NULL,
  `user_id` int(10) unsigned NOT NULL,
  `status` enum('unread','read','spam','deleted','unshipped') COLLATE utf8_unicode_ci NOT NULL DEFAULT 'unshipped',
  `favorite` tinyint(1) NOT NULL,
  `created_at` timestamp NOT NULL DEFAULT '0000-00-00 00:00:00',
  `updated_at` timestamp NOT NULL DEFAULT '0000-00-00 00:00:00',
  `deleted_at` timestamp NULL DEFAULT NULL,
  PRIMARY KEY (`id`),
  KEY `user_messages_message_id_index` (`message_id`),
  KEY `user_messages_user_id_index` (`user_id`)
) ENGINE=InnoDB  DEFAULT CHARSET=utf8 COLLATE=utf8_unicode_ci AUTO_INCREMENT=53 ;

--
-- Volcado de datos para la tabla `user_messages`
--

INSERT INTO `user_messages` (`id`, `message_id`, `user_id`, `status`, `favorite`, `created_at`, `updated_at`, `deleted_at`) VALUES
(2, 10, 1, 'unread', 0, '2015-04-24 18:20:18', '2015-04-25 22:52:13', NULL),
(3, 10, 3, 'unread', 0, '2015-04-24 18:20:18', '2015-04-25 22:52:13', NULL),
(4, 11, 1, 'unread', 0, '2015-04-25 18:20:18', '2015-04-25 22:55:43', NULL),
(5, 11, 3, 'unread', 0, '2015-04-25 18:20:18', '2015-04-25 22:55:43', NULL),
(6, 11, 6, 'unread', 0, '2015-04-25 18:20:18', '2015-04-25 22:55:43', NULL),
(7, 13, 1, 'unread', 0, '2015-04-25 18:20:18', '2015-04-25 23:24:04', NULL),
(8, 13, 3, 'unread', 0, '2015-04-25 18:20:18', '2015-04-25 23:24:04', NULL),
(9, 16, 1, 'unshipped', 0, '0000-00-00 00:00:00', '0000-00-00 00:00:00', NULL),
(10, 16, 3, 'unshipped', 0, '0000-00-00 00:00:00', '0000-00-00 00:00:00', NULL),
(11, 17, 1, 'unread', 0, '2015-04-26 22:48:10', '2015-04-26 22:48:34', NULL),
(12, 17, 3, 'unread', 0, '2015-04-26 22:48:34', '2015-04-26 22:48:34', NULL),
(13, 23, 1, 'unread', 0, '2015-04-27 00:14:04', '2015-04-27 00:14:04', NULL),
(14, 25, 1, 'unread', 0, '2015-04-27 19:54:31', '2015-04-27 19:54:31', NULL),
(15, 25, 3, 'unread', 0, '2015-04-27 19:54:31', '2015-04-27 19:54:31', NULL),
(16, 47, 2, 'unread', 0, '2015-04-28 05:08:36', '2015-04-28 05:08:36', NULL),
(17, 47, 3, 'unread', 0, '2015-04-28 05:08:36', '2015-04-28 05:08:36', NULL),
(18, 49, 1, 'unread', 0, '2015-04-28 05:10:01', '2015-04-28 05:10:01', NULL),
(19, 49, 3, 'unread', 0, '2015-04-28 05:10:01', '2015-04-28 05:10:01', NULL),
(20, 50, 1, 'unread', 0, '2015-04-28 05:12:01', '2015-04-28 05:12:01', NULL),
(21, 50, 3, 'unread', 1, '2015-04-28 05:12:01', '2015-05-05 04:44:29', NULL),
(22, 51, 1, 'unread', 0, '2015-04-28 05:12:55', '2015-04-28 05:12:55', NULL),
(23, 51, 3, 'unread', 0, '2015-04-28 05:12:55', '2015-05-05 04:47:26', NULL),
(24, 54, 1, 'unshipped', 0, '0000-00-00 00:00:00', '0000-00-00 00:00:00', NULL),
(25, 54, 3, 'unshipped', 0, '0000-00-00 00:00:00', '0000-00-00 00:00:00', NULL),
(26, 54, 2, 'unshipped', 0, '0000-00-00 00:00:00', '0000-00-00 00:00:00', NULL),
(27, 55, 1, 'unread', 0, '2015-05-02 22:09:13', '2015-05-02 22:09:13', NULL),
(28, 55, 3, 'read', 1, '2015-05-02 22:09:13', '2015-05-06 07:09:20', NULL),
(29, 57, 3, 'unshipped', 0, '0000-00-00 00:00:00', '0000-00-00 00:00:00', NULL),
(30, 58, 3, 'unshipped', 0, '0000-00-00 00:00:00', '0000-00-00 00:00:00', NULL),
(31, 59, 3, 'unshipped', 0, '0000-00-00 00:00:00', '0000-00-00 00:00:00', NULL),
(32, 60, 3, 'unshipped', 0, '0000-00-00 00:00:00', '0000-00-00 00:00:00', NULL),
(33, 61, 3, 'unshipped', 0, '0000-00-00 00:00:00', '0000-00-00 00:00:00', NULL),
(34, 62, 3, 'unshipped', 0, '0000-00-00 00:00:00', '0000-00-00 00:00:00', NULL),
(35, 62, 1, 'unshipped', 0, '0000-00-00 00:00:00', '0000-00-00 00:00:00', NULL),
(36, 62, 2, 'unshipped', 0, '0000-00-00 00:00:00', '0000-00-00 00:00:00', NULL),
(37, 63, 3, 'unshipped', 0, '0000-00-00 00:00:00', '0000-00-00 00:00:00', NULL),
(38, 64, 3, 'unshipped', 0, '0000-00-00 00:00:00', '0000-00-00 00:00:00', NULL),
(39, 65, 3, 'unshipped', 0, '0000-00-00 00:00:00', '0000-00-00 00:00:00', NULL),
(40, 66, 3, 'read', 1, '2015-05-02 22:54:55', '2015-05-06 07:09:20', NULL),
(41, 67, 3, 'unshipped', 0, '0000-00-00 00:00:00', '0000-00-00 00:00:00', NULL),
(42, 68, 3, 'unshipped', 0, '0000-00-00 00:00:00', '0000-00-00 00:00:00', NULL),
(43, 69, 3, 'unshipped', 0, '0000-00-00 00:00:00', '0000-00-00 00:00:00', NULL),
(44, 70, 3, 'unshipped', 0, '0000-00-00 00:00:00', '0000-00-00 00:00:00', NULL),
(45, 71, 3, 'unshipped', 0, '0000-00-00 00:00:00', '0000-00-00 00:00:00', NULL),
(47, 73, 3, 'unshipped', 0, '0000-00-00 00:00:00', '0000-00-00 00:00:00', NULL),
(48, 74, 3, 'unshipped', 0, '0000-00-00 00:00:00', '0000-00-00 00:00:00', NULL),
(49, 75, 3, 'unshipped', 0, '0000-00-00 00:00:00', '0000-00-00 00:00:00', NULL),
(50, 76, 3, 'unshipped', 0, '0000-00-00 00:00:00', '0000-00-00 00:00:00', NULL),
(51, 77, 3, 'unshipped', 0, '0000-00-00 00:00:00', '0000-00-00 00:00:00', NULL),
(52, 77, 1, 'unshipped', 0, '0000-00-00 00:00:00', '0000-00-00 00:00:00', NULL);

-- --------------------------------------------------------

--
-- Estructura de tabla para la tabla `user_profiles`
--

CREATE TABLE IF NOT EXISTS `user_profiles` (
  `id` int(10) unsigned NOT NULL AUTO_INCREMENT,
  `user_id` int(11) NOT NULL,
  `about_me` longtext COLLATE utf8_unicode_ci NOT NULL,
  `activities` longtext COLLATE utf8_unicode_ci NOT NULL,
  `interests` longtext COLLATE utf8_unicode_ci NOT NULL,
  `born_date` date NOT NULL,
  `born_place` varchar(255) COLLATE utf8_unicode_ci NOT NULL,
  `sex` varchar(15) COLLATE utf8_unicode_ci NOT NULL,
  `picture` varchar(255) COLLATE utf8_unicode_ci NOT NULL,
  `cover` varchar(255) COLLATE utf8_unicode_ci NOT NULL,
  `website` varchar(255) COLLATE utf8_unicode_ci NOT NULL,
  `address` text COLLATE utf8_unicode_ci NOT NULL,
  `phones` longtext COLLATE utf8_unicode_ci NOT NULL,
  `timezone` varchar(255) COLLATE utf8_unicode_ci NOT NULL,
  `locale` varchar(255) COLLATE utf8_unicode_ci NOT NULL,
  `customs` longtext COLLATE utf8_unicode_ci NOT NULL,
  `created_at` timestamp NOT NULL DEFAULT '0000-00-00 00:00:00',
  `updated_at` timestamp NOT NULL DEFAULT '0000-00-00 00:00:00',
  `deleted_at` timestamp NULL DEFAULT NULL,
  PRIMARY KEY (`id`)
) ENGINE=InnoDB DEFAULT CHARSET=utf8 COLLATE=utf8_unicode_ci AUTO_INCREMENT=1 ;

--
-- Restricciones para tablas volcadas
--

--
-- Filtros para la tabla `capability_role`
--
ALTER TABLE `capability_role`
  ADD CONSTRAINT `capability_role_capability_id_foreign` FOREIGN KEY (`capability_id`) REFERENCES `capabilities` (`id`) ON DELETE CASCADE,
  ADD CONSTRAINT `capability_role_role_id_foreign` FOREIGN KEY (`role_id`) REFERENCES `roles` (`id`) ON DELETE CASCADE;

--
-- Filtros para la tabla `user_messages`
--
ALTER TABLE `user_messages`
  ADD CONSTRAINT `user_messages_message_id_foreign` FOREIGN KEY (`message_id`) REFERENCES `messages` (`id`) ON DELETE CASCADE,
  ADD CONSTRAINT `user_messages_user_id_foreign` FOREIGN KEY (`user_id`) REFERENCES `users` (`id`) ON DELETE CASCADE;

/*!40101 SET CHARACTER_SET_CLIENT=@OLD_CHARACTER_SET_CLIENT */;
/*!40101 SET CHARACTER_SET_RESULTS=@OLD_CHARACTER_SET_RESULTS */;
/*!40101 SET COLLATION_CONNECTION=@OLD_COLLATION_CONNECTION */;
